Statistics,SE:A13005H. Poverty Status in the Past 12 Months by Sex (Hispanic or Latino),Total,Income in the Past 12 Months Below Poverty Level,Male,Female,Income in the Past 12 Months At or Above Poverty Level,Male,Female,"SE:A13005I. Poverty Status in the Past 12 Months by Sex (White Alone, Not Hispanic or Latino)",Total,Income in the Past 12 Months Below Poverty Level,Male,Female,Income in the Past 12 Months At or Above Poverty Level,Male,Female,SE:A13005G. Poverty Status in the Past 12 Months by Sex (Two or More Races),Total,Income in the Past 12 Months Below Poverty Level,Male,Female,Income in the Past 12 Months At or Above Poverty Level,Male,Female,SE:A13005F. Poverty Status in the Past 12 Months by Sex (Some Other Race Alone),Total,Income in the Past 12 Months Below Poverty Level,Male,Female,Income in the Past 12 Months At or Above Poverty Level,Male,Female,SE:A13005E. Poverty Status in the Past 12 Months by Sex (Native Hawaiian and Other Pacific Islander Alone),Total,Income in the Past 12 Months Below Poverty Level,Male,Female,Income in the Past 12 Months At or Above Poverty Level,Male,Female,SE:A13005D. Poverty Status in the Past 12 Months by Sex (Asian Alone),Total,Income in the Past 12 Months Below Poverty Level,Male,Female,Income in the Past 12 Months At or Above Poverty Level,Male,Female,SE:A13005C. Poverty Status in the Past 12 Months by Sex (American Indian and Alaska Native Alone),Total,Income in the Past 12 Months Below Poverty Level,Male,Female,Income in the Past 12 Months At or Above Poverty Level,Male,Female,SE:A13005B. Poverty Status in the Past 12 Months by Sex (Black or African American Alone),Total,Income in the Past 12 Months Below Poverty Level,Male,Female,Income in the Past 12 Months At or Above Poverty Level,Male,Female,SE:A13005A. Poverty Status in the Past 12 Months by Sex (White Alone),Total,Income in the Past 12 Months Below Poverty Level,Male,Female,Income in the Past 12 Months At or Above Poverty Level,Male,Female,SE:A12001. Educational Attainment for Population 25 Years and Over,Population 25 Years and Over:,Less than High School,High School Graduate (Includes Equivalency),Some College,Bachelor's Degree,Master's Degree,Professional School Degree,Doctorate Degree,SE:A12001A. Educational Attainment for Male Population 25 Years and Over,Male Population 25 Years and Over:,Less than High School,High School Graduate (Includes Equivalency),Some College,Bachelor's Degree,Master's Degree,Professional School Degree,Doctorate Degree,SE:A12001B. Educational Attainment for Female Population 25 Years and Over,Female Population 25 Years and Over:,Less than High School,High School Graduate (Includes Equivalency),Some College,Bachelor's Degree,Master's Degree,Professional School Degree,Doctorate Degree,SE:A17008. Occupation for Employed Civilian Population 16 Years and Over,Employed Civilian Population 16 Years and Over:,"Management, Professional, and Related Occupations",Service Occupations,Sales and Office Occupations:,"Farming, Fishing, and Forestry Occupations","Construction, Extraction, and Maintenance  Occupations","Production, Transportation, and Material Moving  Occupations:",Production Occupations,Transportation and Material Moving Occupations,SE:A14001. Household Income (In 2021 Inflation Adjusted Dollars),Households:,"Less than $10,000","$10,000 to $14,999","$15,000 to $19,999","$20,000 to $24,999","$25,000 to $29,999","$30,000 to $34,999","$35,000 to $39,999","$40,000 to $44,999","$45,000 to $49,999","$50,000 to $59,999","$60,000 to $74,999","$75,000 to $99,999","$100,000 to $124,999","$125,000 to $149,999","$150,000 to $199,999","$200,000 or More",SE:A02002. Sex by Age,Total Population:,Male:,Under 5 Years,5 to 9 Years,10 to 14 Years,15 to 17 Years,18 to 24 Years,25 to 34 Years,35 to 44 Years,45 to 54 Years,55 to 64 Years,65 to 74 Years,75 to 84 Years,85 Years and Over,Female:,Under 5 Years,5 to 9 Years,10 to 14 Years,15 to 17 Years,18 to 24 Years,25 to 34 Years,35 to 44 Years,45 to 54 Years,55 to 64 Years,65 to 74 Years,75 to 84 Years,85 Years and Over,SE:A13005. Poverty Status in the Past 12 Months by Sex,Total,Income in the Past 12 Months Below Poverty Level,Male,Female,Income in the Past 12 Months At or Above Poverty Level,Male,Female,SE:A03001. Race,Total Population:,White Alone,Black or African American Alone,American Indian and Alaska Native Alone,Asian Alone,Native Hawaiian and Other Pacific Islander Alone,Some Other Race Alone,Two or More Races,SE:A17005A. Unemployment Rate for Civilian Male Population,Civilian Male in Labor Force 16 Years and Over:,Employed,Unemployed,SE:A17005B. Unemployment Rate for Civilian Female Population,Civilian Female in Labor Force 16 Years and Over:,Employed,Unemployed
Alabama,,218981,60845,29013,31832,158136,86850,71286,,3177457,352725,151220,201505,2824732,1408895,1415837,,150436,29731,12458,17273,120705,62833,57872,,84616,27633,14008,13625,56983,31041,25942,,1633,327,136,191,1306,438,868,,68725,9427,4757,4670,59298,26802,32496,,20992,3925,1781,2144,17067,8967,8100,,1278524,322792,134265,188527,955732,454092,501640,,3271937,375984,162319,213665,2895953,1446915,1449038,,3413803,430047,1041209,1032122,563628,251040,54076,41681,,1624678,226461,519061,461869,260597,101009,31006,24675,,1789125,203586,522148,570253,303031,150031,23070,17006,,2173597,785092,348756,457988,9623,198293,373845,187874,185971,,1902983,140205,103832,99829,95400,97039,93504,86566,87842,72296,146226,182306,230067,158503,104753,106617,97998,,4997675,2429703,151356,155081,167636,99974,230978,319149,299339,309965,324086,238075,106537,27527,2567972,144276,146733,162158,95167,230513,328098,315771,323966,349002,273827,142272,56189,,4876863,769819,329724,440095,4107044,2031088,2075956,,4997675,3338590,1324233,21661,70161,1702,86013,155315,,1199688,1135882,63806,,1098325,1037715,60610
Alaska,,52128,5218,2620,2598,46910,24245,22665,,425718,30572,14590,15982,395146,210658,184488,,72354,7732,4129,3603,64622,33271,31351,,13932,1438,762,676,12494,6447,6047,,10601,1780,825,955,8821,4692,4129,,46759,4463,1773,2690,42296,19703,22593,,104207,24621,12373,12248,79586,39429,40157,,22074,2504,1139,1365,19570,10586,8984,,449159,32478,15323,17155,416681,221947,194734,,484382,32669,137873,165649,92691,39503,9969,6028,,251964,18112,79487,86851,41871,17100,4989,3554,,232418,14557,58386,78798,50820,22403,4980,2474,,338664,130394,60695,68137,3615,34762,41061,13244,27817,,260561,10644,7170,8743,7393,7893,8306,8902,9131,7492,18272,27653,35821,28393,21629,26172,26947,,735951,384749,25965,27379,25485,14977,38979,61562,50350,46441,48584,31844,10382,2801,351202,24826,25891,24162,14049,29856,54963,46314,41278,44702,29621,11713,3827,,719086,75016,36324,38692,644070,336075,307995,,735951,458520,23721,107531,47213,10766,14254,73946,,194806,180009,14797,,168912,158655,10257
Arizona,,2209451,402027,182452,219575,1807424,920502,886922,,3710549,341689,157489,184200,3368860,1679146,1689714,,724106,109252,52667,56585,614854,311313,303541,,471326,89682,39400,50282,381644,193569,188075,,13233,1784,1066,718,11449,5985,5464,,230638,25106,11883,13223,205532,95814,109718,,291321,90957,42321,48636,200364,97809,102555,,302854,56760,26951,29809,246094,126517,119577,,4892803,561370,256389,304981,4331433,2169716,2161717,,4792007,560460,1125498,1610633,923339,413353,92301,66423,,2362154,292497,568896,767868,451206,189461,55024,37202,,2429853,267963,556602,842765,472133,223892,37277,29221,,3210791,1240175,578248,753182,17123,272034,350029,123389,226640,,2683557,148295,90482,98251,108769,113209,114812,112797,118946,106350,213802,274373,361450,259428,176969,186606,199018,,7079203,3533895,210607,224911,244849,144036,347338,499568,450250,419876,415522,344077,179121,53740,3545308,201999,215310,235194,137529,325423,467102,432664,419087,444079,387296,200147,79478,,6926281,934911,430677,504234,5991370,3000723,2990647,,7079203,4985729,318827,300862,234495,13979,490290,735021,,1820681,1720517,100164,,1581225,1490274,90951
Arkansas,,232000,50586,24512,26074,181414,96071,85343,,2070826,262648,116391,146257,1808178,903534,904644,,154986,28349,13094,15255,126637,65553,61084,,86190,20887,9915,10972,65303,34976,30327,,10469,2979,1541,1438,7490,4016,3474,,45625,4948,1876,3072,40677,19462,21215,,16763,3446,1432,2014,13317,6531,6786,,437329,123530,52345,71185,313799,151751,162048,,2172373,283974,126497,157477,1888399,945676,942723,,2021290,248721,688732,592568,313527,129009,29370,19363,,978067,130991,358982,263407,144566,51818,17533,10770,,1043223,117730,329750,329161,168961,77191,11837,8593,,1310863,461398,216766,273618,12751,120433,225897,111720,114177,,1158460,79251,62650,63227,65520,64788,62300,57156,57346,46509,94126,115224,137297,91658,54051,54652,52705,,3006309,1483520,95410,99723,105077,62435,142808,194336,187731,181193,188082,141091,66298,19336,1522789,89170,95925,98171,59874,136426,194163,188700,183520,198204,159216,83939,35481,,2923735,468113,206700,261413,2455622,1227965,1227657,,3006309,2227020,458086,17459,46388,10627,87626,159103,,723329,683007,40322,,661267,627856,33411
California,,15319764,2380287,1067512,1312775,12939477,6619241,6320236,,13852656,1203484,551313,652171,12649172,6398051,6251121,,4162685,498343,227843,270500,3664342,1870462,1793880,,5928297,979737,437245,542492,4948560,2557452,2391108,,144991,19171,8842,10329,125820,62240,63580,,5803486,571805,257769,314036,5231681,2511206,2720475,,350401,58660,27186,31474,291741,149399,142342,,2129989,409835,188693,221142,1720154,847535,872619,,20181503,2203624,998971,1204653,17977879,9088661,8889218,,26797070,4236035,5477154,7632443,5855383,2449563,678258,468234,,13229666,2137364,2825211,3670091,2816104,1148481,357140,275275,,13567404,2098671,2651943,3962352,3039279,1301082,321118,192959,,18676721,7675562,3311184,3812112,266145,1388387,2223331,863584,1359747,,13217586,608329,471825,395789,428857,437182,445481,418839,436011,384284,817962,1129455,1621793,1309828,1000924,1314071,1996956,,39455353,19714044,1203859,1245934,1362100,792617,1879868,3056135,2720662,2537185,2366158,1581047,696336,272143,19741309,1146476,1188179,1296261,757006,1785983,2885487,2620387,2506218,2434959,1782400,885135,452818,,38701352,4741175,2146549,2594626,33960177,17086955,16873222,,39455353,20553732,2233258,360607,5887396,148278,6036865,4235217,,10794465,10104245,690220,,9185997,8572476,613521
Colorado,,1227327,175884,78949,96935,1051443,543123,508320,,3751740,281072,130695,150377,3470668,1756149,1714519,,469124,60883,27576,33307,408241,209681,198560,,255857,37784,16335,21449,218073,115479,102594,,7918,703,369,334,7215,3544,3671,,179760,16826,7808,9018,162934,73937,88997,,49945,8752,3831,4921,41193,20885,20308,,222804,37363,17762,19601,185441,97974,87467,,4420014,373665,172714,200951,4046349,2051738,1994611,,3937040,300620,810976,1139275,1051023,465071,97490,72585,,1975516,160291,430183,559043,515459,214957,54446,41137,,1961524,140329,380793,580232,535564,250114,43044,31448,,2975830,1331694,470806,609367,15770,249689,298504,108736,189768,,2227932,97533,63216,63167,68773,71733,74801,76062,82663,72048,158600,216060,298937,239941,178942,217388,248068,,5723176,2895936,165967,176827,191554,112904,273168,464018,417273,364491,350470,249580,95642,34042,2827240,158279,170826,178712,107666,250233,425915,387976,347705,359938,268788,116980,54222,,5605422,535976,246395,289581,5069446,2573238,2496208,,5723176,4507448,234065,53143,183391,8192,258867,478070,,1679615,1600877,78738,,1441253,1374953,66300
Connecticut,,595978,127775,55007,72768,468203,240012,228191,,2276519,139246,59983,79263,2137273,1057610,1079663,,222592,30005,13499,16506,192587,100492,92095,,209323,51731,21836,29895,157592,80204,77388,,1262,344,160,184,918,445,473,,163100,14134,6759,7375,148966,72217,76749,,8330,1726,827,899,6604,3506,3098,,372377,64472,29899,34573,307905,146598,161307,,2526710,189064,80957,108107,2337646,1158464,1179182,,2515137,225021,656949,613201,561567,334219,79160,45020,,1211183,118042,333289,281631,267899,142283,42636,25403,,1303954,106979,323660,331570,293668,191936,36524,19617,,1822995,821971,310205,369209,2983,129279,189348,85241,104107,,1397324,66533,47010,44306,45965,46327,46447,43458,46987,41902,88807,119766,169273,138944,107526,140910,203163,,3605330,1768860,93734,99242,115470,72468,176763,226394,217332,238821,254733,167862,75126,30915,1836470,88388,97298,108901,68990,168939,219467,221766,249462,266983,189547,98023,58706,,3503694,351476,153937,197539,3152218,1561926,1590292,,3605330,2595884,389290,8714,167308,1262,215605,227267,,1004737,939729,65008,,935889,883266,52623
Delaware,,93112,16911,7797,9114,76201,39656,36545,,583628,45982,19579,26403,537646,263895,273751,,48621,8515,3722,4793,40106,19532,20574,,27685,6360,3264,3096,21325,11904,9421,,378,66,46,20,312,146,166,,39215,4119,1588,2531,35096,17823,17273,,3011,513,145,368,2498,1400,1098,,205914,36550,15790,20760,169364,80088,89276,,630778,53151,22756,30395,577627,284827,292800,,690618,61788,209928,186528,134252,71962,12917,13243,,329528,34241,105652,83640,62036,29305,6808,7846,,361090,27547,104276,102888,72216,42657,6109,5397,,464457,191707,79853,98223,2272,38322,54080,19275,34805,,381097,18656,12429,11719,13477,14259,15920,15185,13588,14627,27844,38161,53499,37888,28828,32528,32489,,981892,477219,27567,28646,30950,18348,42180,63809,57016,58629,66068,52912,23913,7181,504673,26667,27835,29842,17790,41449,64069,58757,62606,73289,61044,29795,11530,,955602,109274,47311,61963,846328,415720,430608,,981892,645409,215745,3064,39684,383,28095,49512,,250704,236135,14569,,241746,228322,13424
District of Columbia,,73323,8495,3445,5050,64828,34142,30686,,236487,12250,5491,6759,224237,113262,110975,,37153,4511,2262,2249,32642,16159,16483,,31667,4968,1735,3233,26699,14549,12150,,332,18,10,8,314,141,173,,25504,3446,1415,2031,22058,9280,12778,,1855,585,277,308,1270,487,783,,294532,72900,30723,42177,221632,102076,119556,,260575,14190,6400,7790,246385,124832,121553,,487726,37934,75562,74761,124285,106838,47536,20810,,230462,18537,35786,33272,59978,47766,24254,10869,,257264,19397,39776,41489,64307,59072,23282,9941,,373967,252766,48514,50903,117,8736,12931,2110,10821,,310104,25716,11103,8879,6961,7527,9439,6552,7780,6882,15817,22151,35005,27053,22223,31658,65358,,683154,325490,21890,17335,16300,7748,31755,72944,52731,37237,33032,21419,9351,3748,357664,21068,17734,15149,7798,38651,82770,54067,36364,35382,27553,14617,6511,,651618,100618,42822,57796,551000,267524,283476,,683154,276373,305109,1984,27988,359,32484,38857,,193673,179949,13724,,208787,194018,14769
Florida,,5524398,880620,392894,487726,4643778,2337998,2305780,,11008455,1061435,478235,583200,9947020,4937387,5009633,,1974343,269370,120181,149189,1704973,843571,861402,,854705,160717,75959,84758,693988,354605,339383,,12788,2117,1036,1081,10671,4935,5736,,590257,66474,31238,35236,523783,242883,280900,,52729,9598,5174,4424,43131,23007,20124,,3242151,664615,295306,369309,2577536,1241889,1335647,,14201246,1571721,701497,870224,12629525,6285116,6344409,,15349290,1682505,4282929,4543900,3038293,1253271,356975,191417,,7429500,872152,2128716,2103420,1441631,567092,208612,107877,,7919790,810353,2154213,2440480,1596662,686179,148363,83540,,9824911,3666586,1868366,2342482,47119,864323,1036035,319389,716646,,8157420,479790,320587,333843,364709,378114,383879,359398,371848,329602,657396,825031,1045393,728826,470060,513107,595837,,21339762,10489548,571443,583755,644169,379009,881672,1390105,1315368,1355700,1391425,1137797,621507,217598,10850214,547351,564146,608112,363328,847487,1352337,1311562,1379530,1506298,1304876,737603,327584,,20928219,2744612,1230391,1514221,18183607,8996006,9187601,,21339762,14449017,3358469,54466,596862,13065,866158,2001725,,5435739,5147411,288328,,4941297,4677500,263797
Georgia,,1024826,205514,97396,108118,819312,434108,385204,,5346167,510938,226345,284593,4835229,2406765,2428464,,501756,82987,39598,43389,418769,212587,206182,,327818,71961,32893,39068,255857,136912,118945,,6752,1143,554,589,5609,2805,2804,,438321,43207,19837,23370,395114,190750,204364,,33754,8376,4216,4160,25378,13099,12279,,3240362,633240,268296,364944,2607122,1227514,1379608,,5808132,600437,267454,332983,5207695,2603746,2603949,,7075856,831989,1925348,1983294,1426415,643718,161767,103325,,3379874,441780,975066,888217,674606,268176,80749,51280,,3695982,390209,950282,1095077,751809,375542,81018,52045,,4983753,1963375,784435,1074970,22929,407832,730212,292543,437669,,3885371,235927,154077,156142,164692,171692,169670,160058,159885,141895,290406,385679,500145,355143,248254,275916,315790,,10625615,5191616,329092,350442,385435,228016,518757,721328,686105,690137,631328,424233,175792,50951,5433999,314626,335684,369232,219670,498805,740657,722751,720678,683040,500530,233171,95155,,10356895,1441351,632848,808503,8915544,4387413,4528131,,10625615,5934931,3350903,34928,448181,6894,334875,514903,,2718834,2576175,142659,,2555762,2407578,148184
Hawaii,,152937,18730,8769,9961,134207,68665,65542,,297146,28552,14397,14155,268594,143297,125297,,348291,35195,16335,18860,313096,158102,154994,,21770,1572,853,719,20198,11416,8782,,148964,27821,12670,15151,121143,63593,57550,,536577,33001,14236,18765,503576,237515,266061,,4012,825,342,483,3187,1659,1528,,25496,2376,1547,829,23120,14104,9016,,329608,32950,16160,16790,296658,157917,138741,,1020422,74468,273929,321607,226399,83849,24381,15789,,505081,35381,143573,161211,105752,36915,13100,9149,,515341,39087,130356,160396,120647,46934,11281,6640,,680301,249328,152874,152942,5267,57414,62476,16953,45523,,478413,22771,12094,11503,13356,12752,15475,13995,15579,14229,28406,43501,65498,53986,40256,53902,61110,,1453498,732172,45527,44814,45331,24728,66691,105291,96263,88254,92087,75726,33531,13929,721326,42240,42166,42674,23540,55365,97249,92182,86904,93403,79928,40383,25292,,1414718,133740,62143,71597,1280978,644306,636672,,1453498,344295,28142,4286,544643,153485,23633,355014,,367482,347922,19560,,349971,332379,17592
Idaho,,230300,38337,17902,20435,191963,99725,92238,,1436587,145088,64293,80795,1291499,654973,636526,,101746,13316,6471,6845,88430,44241,44189,,76981,13042,6435,6607,63939,32809,31130,,2906,934,329,605,1972,991,981,,24244,3575,1621,1954,20669,9278,11391,,21777,5623,2539,3084,16154,8395,7759,,11266,2769,1289,1480,8497,5463,3034,,1541955,163301,72540,90761,1378654,700627,678027,,1185197,104683,314521,420711,231259,79872,19205,14946,,590472,57177,164054,199101,108871,39242,12199,9828,,594725,47506,150467,221610,122388,40630,7006,5118,,847426,309585,142345,180598,18569,84097,112232,47301,64931,,657101,28187,24693,25753,28614,28106,30952,28252,30060,27652,57359,76548,90429,65644,38814,38881,37157,,1811617,912529,58614,65157,69888,41468,86930,119690,118420,105995,109439,87447,38358,11123,899088,56355,61224,66826,39298,80660,115613,114768,101830,112344,90572,41927,17671,,1780875,202560,91224,111336,1578315,801804,776511,,1811617,1567799,12242,22799,24616,3016,77835,103310,,481144,461115,20029,,401915,386311,15604
Illinois,,2215044,313615,143316,170299,1901429,987427,914002,,7559419,627051,277980,349071,6932368,3458954,3473414,,736771,95812,44314,51498,640959,330195,310764,,789459,120849,55230,65619,668610,351004,317606,,4939,700,284,416,4239,1901,2338,,712921,73858,33813,40045,639063,310476,328587,,41440,5325,2314,3011,36115,18867,17248,,1727701,426484,184111,242373,1301217,609005,692212,,8516060,760350,337533,422817,7755710,3882337,3873373,,8764878,885321,2226182,2483806,1910757,920298,212604,125910,,4262102,460172,1133246,1172109,915516,393387,118110,69562,,4502776,425149,1092936,1311697,995241,526911,94494,56348,,6273473,2555193,1038968,1310129,19157,431363,918663,382655,536008,,4930255,289764,172660,175054,190868,190719,188564,177497,186475,164858,339016,462671,634032,491848,349265,418667,498297,,12821813,6332176,381213,397940,433292,262755,594874,882628,843768,819285,826202,559618,243598,87003,6489637,364468,383394,413063,251226,574710,868914,832953,821198,857195,630669,323653,168194,,12529291,1483378,657599,825779,11045913,5503785,5542128,,12821813,8699413,1804013,42714,725482,5111,795980,749100,,3507439,3285186,222253,,3179075,2988287,190788
Indiana,,482256,93462,43044,50418,388794,204382,184412,,5111054,511810,223594,288216,4599244,2301991,2297253,,279873,50541,22798,27743,229332,114237,115095,,164066,34715,16894,17821,129351,69834,59517,,2208,324,236,88,1884,961,923,,155684,22875,12511,10364,132809,64686,68123,,10749,2171,1193,978,8578,4127,4451,,606242,156589,67655,88934,449653,217791,231862,,5332099,551790,241637,310153,4780309,2396378,2383931,,4501214,460480,1485995,1301440,797977,334885,69354,51083,,2192385,239818,760404,602124,377188,142331,40453,30067,,2308829,220662,725591,699316,420789,192554,28901,21016,,3250923,1169138,513964,655339,12077,268166,632239,331658,300581,,2622601,145585,100870,108061,119770,117823,125198,118020,119893,104313,215363,277437,362436,249847,159424,157816,140745,,6751340,3344360,213036,222731,237190,142459,336559,441929,423372,420733,433858,301294,127233,43966,3406980,202506,213179,225170,135816,321480,437003,420081,418213,448478,335267,166340,83447,,6550921,819005,362924,456081,5731916,2868014,2863902,,6751340,5483296,635076,11399,163657,2276,167683,287953,,1798804,1712086,86718,,1612609,1538837,73772
Iowa,,198024,35442,16088,19354,162582,86704,75878,,2605390,242203,105584,136619,2363187,1189054,1174133,,120147,23142,10836,12306,97005,50578,46427,,45741,7897,3420,4477,37844,20467,17377,,4092,972,462,510,3120,1773,1347,,77271,10682,6067,4615,66589,32365,34224,,10337,2364,1005,1359,7973,4016,3957,,110945,32909,15963,16946,78036,41008,37028,,2716065,261729,114193,147536,2454336,1237148,1217188,,2119884,152380,648873,688911,423852,144056,34880,26932,,1047159,82411,345108,325125,197910,60420,21010,15175,,1072725,69969,303765,363786,225942,83636,13870,11757,,1620796,609180,253347,326164,18807,137187,276111,135227,140884,,1275893,59741,48339,52101,52000,53327,56748,53624,57183,49872,104349,135773,181264,132691,83649,81830,73402,,3179090,1590001,99307,105743,108860,65647,163285,201396,201886,188639,209780,152458,66406,26594,1589089,95263,99107,106302,61946,153746,193335,190776,183192,210338,160760,86783,47541,,3084598,339695,151946,187749,2744903,1387355,1357548,,3179090,2795319,119036,10889,79188,4182,46711,123765,,891395,855577,35818,,795301,765219,30082
Kansas,,353974,65210,28331,36879,288764,153053,135711,,2136869,194292,84736,109556,1942577,975126,967451,,174422,30226,12670,17556,144196,74660,69536,,87457,17635,8664,8971,69822,38438,31384,,2105,434,200,234,1671,881,790,,86227,11713,5845,5868,74514,36437,38077,,20058,3904,1691,2213,16154,8482,7672,,154517,36702,16993,19709,117815,61308,56507,,2325916,226595,98396,128199,2099321,1055819,1043502,,1921951,161293,493339,606084,415201,181958,37562,26514,,947359,87392,257558,288325,196959,79789,22062,15274,,974592,73901,235781,317759,218242,102169,15500,11240,,1450216,576682,234620,293960,13368,123082,208504,99544,108960,,1139738,56498,41861,42990,49867,51059,50147,48311,50585,48708,91904,118637,155373,109764,72494,76839,74701,,2932099,1468152,95187,104105,104313,62942,154246,193833,186672,170798,185544,132021,56124,22367,1463947,90089,98651,99835,59029,141751,184148,179951,166457,190520,141352,72067,40097,,2850702,327209,144459,182750,2523493,1276025,1247468,,2932099,2386766,165291,21657,87946,2196,88787,179456,,799661,765976,33685,,712402,684240,28162
Kentucky,,167940,39658,19419,20239,128282,69684,58598,,3655721,546327,239356,306971,3109394,1557995,1551399,,153198,34879,16270,18609,118319,60757,57562,,49085,12392,6403,5989,36693,20173,16520,,3767,671,259,412,3096,1596,1500,,67306,9024,4284,4740,58282,27068,31214,,6653,1609,784,825,5044,2544,2500,,343477,86624,40077,46547,256853,126481,130372,,3735695,563941,247555,316386,3171754,1591170,1580584,,3053564,376963,1000507,891024,461841,232970,56514,33745,,1483976,202214,519372,401205,224197,88754,30083,18151,,1569588,174749,481135,489819,237644,144216,26431,15594,,2009185,718077,317925,422590,11652,166512,372429,179882,192547,,1748475,130824,92428,84138,85788,88985,84516,80111,79645,69846,136297,175317,218767,150697,95197,90904,85015,,4494141,2223783,139220,144884,149328,91259,215116,294612,281148,286360,293125,212674,90249,25808,2270358,131639,134664,146208,84707,203552,287128,279778,286676,309886,237606,119685,48829,,4359181,709140,315632,393508,3650041,1829789,1820252,,4494141,3842383,361703,7114,68737,3961,51365,158878,,1110836,1049398,61438,,1011044,959787,51257
Louisiana,,238736,56008,26192,29816,182728,99876,82852,,2639584,317371,136612,180759,2322213,1162065,1160148,,172614,37496,16413,21083,135118,68666,66452,,76790,22809,10650,12159,53981,29072,24909,,2142,418,213,205,1724,862,862,,79169,10664,5751,4913,68505,32647,35858,,24950,5122,1869,3253,19828,10663,9165,,1429026,433404,188456,244948,995622,476791,518831,,2746854,340573,147531,193042,2406281,1207908,1198373,,3133855,431595,1036204,865973,511447,200435,56205,31996,,1506361,234573,529488,392370,227069,72846,31941,18074,,1627494,197022,506716,473603,284378,127589,24264,13922,,2013907,731491,373546,428393,10350,211143,258984,104409,154575,,1748688,151146,100353,96943,93985,88674,84897,73390,74299,62367,126078,156220,198838,143870,96281,102229,99118,,4657305,2283561,151391,153155,162798,94784,215072,321954,298693,272146,293109,206992,84806,28661,2373744,145968,147702,155675,89610,207295,325281,302520,283509,314197,236480,115243,50264,,4531545,850486,370883,479603,3681059,1826609,1854450,,4657305,2805875,1486002,25550,80438,2172,79627,177641,,1116135,1035878,80257,,1044071,978029,66042
Maine,,23074,3368,1702,1666,19706,10102,9604,,1219397,127964,56661,71303,1091433,542494,548939,,44572,6982,3276,3706,37590,18387,19203,,6619,847,476,371,5772,3137,2635,,228,50,21,29,178,102,76,,13568,1623,607,1016,11945,4939,7006,,7335,1881,855,1026,5454,2733,2721,,17889,4717,2617,2100,13172,7335,5837,,1231278,129892,57808,72084,1101386,547654,553732,,994900,62607,307382,290461,209253,89039,21308,14850,,482306,35657,161256,137092,94014,34641,11734,7912,,512594,26950,146126,153369,115239,54398,9574,6938,,681187,270644,115875,140132,10071,62028,82437,35884,46553,,571064,28613,26574,24497,25541,25222,24786,25787,25043,21818,44126,57818,79889,54723,35624,37807,33196,,1357046,668308,32899,35609,38348,24154,54992,81330,78454,88903,104428,82589,35269,11333,688738,31033,33921,35708,22913,52569,80921,79853,90204,109986,88670,42366,20594,,1321489,145992,65660,80332,1175497,584287,591210,,1357046,1261097,19525,7578,14917,228,6800,46901,,365634,348450,17184,,345716,332737,12979
Maryland,,638068,79578,34433,45145,558490,295439,263051,,2977009,182373,79324,103049,2794636,1384816,1409820,,325292,35113,15714,19399,290179,142733,147446,,322264,49109,20835,28274,273155,148057,125098,,2780,100,58,42,2680,1440,1240,,391625,29652,13322,16330,361973,173270,188703,,16596,2634,1069,1565,13962,7106,6856,,1773315,231217,98668,132549,1542098,723111,818987,,3174905,202249,88547,113702,2972656,1476280,1496376,,4240795,391353,1014292,1072668,934036,578591,134194,115661,,2022696,205213,515553,484496,438484,242643,72431,63876,,2218099,186140,498739,588172,495552,335948,61763,51785,,3120977,1502928,500430,594176,6010,237349,280084,85584,194500,,2294270,104364,58719,58449,59722,64565,67094,65951,71433,65792,140344,196437,289593,250383,194076,263465,343883,,6148545,2995146,185279,191750,204033,120450,270938,412275,395351,398574,401452,261463,114345,39236,3153399,178187,185444,192426,115580,263663,417624,410034,421672,433923,308315,152385,74146,,6006777,550074,238213,311861,5456703,2671997,2784706,,6148545,3238671,1833987,17266,397087,2928,326831,331775,,1679254,1590284,88970,,1617230,1530693,86537
Massachusetts,,839818,189115,83223,105892,650703,333226,317477,,4714838,322125,137259,184866,4392713,2163462,2229251,,437569,71226,32534,38692,366343,182066,184277,,310642,65394,29429,35965,245248,127292,117956,,2170,397,217,180,1773,832,941,,457737,52229,24227,28002,405508,196800,208708,,14318,3437,1452,1985,10881,6051,4830,,489391,81814,35620,46194,407577,200330,207247,,5044390,394283,169139,225144,4650107,2293246,2356861,,4902868,433215,1137085,1116219,1215939,701003,151981,147426,,2355680,217023,588877,504098,582287,299697,80224,83474,,2547188,216192,548208,612121,633652,401306,71757,63952,,3667019,1796224,597671,688208,7647,238221,339048,141289,197759,,2714448,129130,107951,89069,85653,81918,82438,77804,80065,72316,152326,213588,316270,267817,215561,300065,442477,,6991852,3413174,183397,189716,208481,129924,345976,495954,432400,450590,468917,318673,134840,54306,3578678,174546,182121,197419,124120,353284,494669,440996,468840,494471,364247,179444,104521,,6756217,668780,292618,376162,6087437,3006617,3080820,,6991852,5211704,511394,14939,480944,2406,318785,451680,,1982993,1869455,113538,,1893985,1797564,96421
Michigan,,527961,101706,47270,54436,426255,220963,205292,,7312888,754600,337171,417429,6558288,3298607,3259681,,452607,80541,36712,43829,372066,186756,185310,,139986,28887,13669,15218,111099,57753,53346,,2806,722,379,343,2084,1095,989,,314460,35650,16803,18847,278810,139250,139560,,46802,9480,4738,4742,37322,17967,19355,,1320975,351581,159196,192385,969394,458577,510817,,7572669,803197,359124,444073,6769472,3408245,3361227,,6923132,582901,1971279,2249290,1287856,615472,130123,86211,,3376224,308355,1003509,1052807,613113,271926,75619,50895,,3546908,274546,967770,1196483,674743,343546,54504,35316,,4692409,1797451,792398,951754,22798,346833,781175,421288,359887,,3976729,234431,158947,159020,173613,175690,184102,173121,176960,153958,310900,400974,526260,369813,248749,266048,264143,,10062512,4983325,288862,306114,324974,202816,484335,658800,597211,638651,696811,498907,211710,74134,5079187,275955,288805,309219,192111,466189,640235,595069,643527,719772,547999,266360,133946,,9850305,1310058,590621,719437,8540247,4269643,4270604,,10062512,7715291,1368177,48361,322218,2915,142181,463369,,2627519,2457622,169897,,2375441,2234787,140654
Minnesota,,312432,51179,22653,28526,261253,138873,122380,,4355472,297106,132404,164702,4058366,2042516,2015850,,252798,33796,15556,18240,219002,111595,107407,,118350,19098,8625,10473,99252,53936,45316,,2226,399,175,224,1827,1107,720,,278260,33884,16006,17878,244376,119490,124886,,49406,15413,6792,8621,33993,16566,17427,,363305,90876,42988,47888,272429,140792,131637,,4486088,318846,142015,176831,4167242,2100119,2067123,,3847501,247610,919096,1235333,944751,354504,87755,58452,,1908917,131829,486284,601199,452988,155311,49425,31881,,1938584,115781,432812,634134,491763,199193,38330,26571,,2980477,1283422,463728,591110,19888,216650,405679,201668,204011,,2229100,86754,71530,68200,73018,75841,81608,78406,84299,79340,159459,218727,311870,242477,178637,203105,215829,,5670472,2839135,178137,190312,193180,115182,253407,385927,377602,349494,381387,260417,111717,42373,2831337,170331,179033,187238,110156,245995,370288,361112,339102,381072,275175,138605,73230,,5550433,512312,232157,280155,5038121,2543605,2494516,,5670472,4576758,376406,52695,283382,2338,120011,258882,,1624602,1552811,71791,,1481182,1427666,53516
Mississippi,,90674,22734,10732,12002,67940,36803,31137,,1621081,189747,79599,110148,1431334,717702,713632,,67582,13791,6041,7750,53791,27660,26131,,36323,9477,4944,4533,26846,14600,12246,,1025,218,50,168,807,273,534,,28321,3999,1988,2011,24322,11317,13005,,12837,4315,1984,2331,8522,4177,4345,,1069373,325541,139358,186183,743832,355529,388303,,1658671,199770,84344,115426,1458901,732290,726611,,1974105,283522,588217,643438,280355,127528,29987,21058,,937712,154428,303003,286430,121467,44712,16747,10925,,1036393,129094,285214,357008,158888,82816,13240,10133,,1240790,420798,214602,256752,8063,118194,222381,103773,118608,,1108670,96864,71226,66261,62756,61500,57609,49001,52163,44649,84639,103326,130944,84237,50851,50588,42056,,2967023,1444255,93586,93551,110455,63283,145668,187783,181643,176219,183705,134243,58641,15478,1522768,88560,94546,102156,59917,141196,192844,190763,187899,200318,153935,78431,32203,,2874132,557111,238709,318402,2317021,1145846,1171175,,2967023,1701989,1113414,13357,29092,1129,38053,69989,,675709,630184,45525,,656258,610606,45652
Missouri,,263469,48173,22090,26083,215296,111480,103816,,4677250,499916,222217,277699,4177334,2086203,2091131,,272359,47281,22439,24842,225078,113232,111846,,82256,15118,7267,7851,67138,35003,32135,,8172,1910,817,1093,6262,3147,3115,,120088,14810,7102,7708,105278,50023,55255,,18712,3878,2043,1835,14834,7679,7155,,663873,155844,66589,89255,508029,242876,265153,,4802449,523182,232515,290667,4279267,2138055,2141212,,4187819,377539,1276601,1248480,789957,363092,78069,54081,,2027918,197290,654557,576298,376037,148498,44217,31021,,2159901,180249,622044,672182,413920,214594,33852,23060,,2945966,1144175,480298,631894,15131,239488,434980,195705,239275,,2433819,136741,104623,103576,111485,112400,118453,107580,110438,99251,194118,249881,322544,222322,145771,147830,146806,,6141534,3027741,188129,196550,205388,123453,286303,406863,383011,369588,406898,287399,130452,43707,3113793,179003,183572,198719,117561,275037,407488,380073,374543,425519,324210,169217,78851,,5967909,762023,338772,423251,5205886,2590015,2615871,,6141534,4930466,695678,19904,123406,8468,84084,279528,,1597956,1523859,74097,,1486830,1422107,64723
Montana,,42352,6879,3301,3578,35473,17983,17490,,898283,95576,45677,49899,802707,409579,393128,,47450,7358,3383,3975,40092,20090,20002,,9805,1514,854,660,8291,4370,3921,,542,39,1,38,503,201,302,,8791,1278,628,650,7513,2999,4514,,62222,21719,10666,11053,40503,20116,20387,,5718,887,455,432,4831,2997,1834,,918776,98717,47082,51635,820059,418007,402052,,746462,42160,207496,245580,166825,57507,15666,11228,,373214,23630,110899,117245,80437,25347,9203,6453,,373248,18530,96597,128335,86388,32160,6463,4775,,526641,200988,97543,107724,8529,53960,57897,20602,37295,,436481,22775,19427,17382,20903,21877,22221,19282,19981,16757,35826,47545,57062,39990,24858,26117,24478,,1077978,545671,31226,33436,34933,20506,52356,70343,68258,62006,74706,62808,27422,7671,532307,29140,31527,32575,19472,46345,67748,64583,59516,76848,62660,29182,12711,,1053304,131512,63069,68443,921792,468780,453012,,1077978,938223,6236,65452,8972,581,10155,48359,,291733,279338,12395,,257211,247303,9908
Nebraska,,218697,39414,18529,20885,179283,94813,84470,,1477763,118904,51826,67078,1358859,684806,674053,,97494,14936,6830,8106,82558,40752,41806,,57924,11421,5521,5900,46503,25898,20605,,1138,272,103,169,866,388,478,,47149,5682,2524,3158,41467,20376,21091,,16970,3905,1717,2188,13065,6489,6576,,88967,19913,9398,10515,69054,36190,32864,,1589874,139326,61315,78011,1450548,732993,717555,,1275315,105606,326345,423189,274664,103385,24415,17711,,632023,56827,170751,206004,130004,45067,13847,9523,,643292,48779,155594,217185,144660,58318,10568,8188,,1011989,396929,160031,210072,13359,86327,145271,70646,74625,,766887,35439,27932,28168,30097,32002,34415,31217,34615,29878,61808,81857,108503,79987,50586,52519,47864,,1951480,978863,66837,69746,71254,42180,96823,130233,127143,113342,122246,86805,37956,14298,972617,63563,65190,67848,39292,93432,124874,120806,108169,122731,93193,46589,26930,,1899516,195455,87408,108047,1704061,863086,840975,,1951480,1630376,93358,17937,48379,1175,60041,100214,,553185,534807,18378,,493278,477182,16096
Nevada,,886103,142259,63602,78657,743844,384575,359269,,1424959,135558,63992,71566,1289401,664863,624538,,311089,40826,18041,22785,270263,137524,132739,,340897,61191,27257,33934,279706,146448,133258,,21445,2783,1333,1450,18662,9497,9165,,253966,23784,10615,13169,230182,103765,126417,,37070,8236,3556,4680,28834,14794,14040,,276378,62606,29578,33028,213772,105848,107924,,1777294,189388,88351,101037,1587906,816958,770948,,2116718,274760,587588,702767,359703,134479,36237,21184,,1059038,139594,301913,346012,176463,61416,21702,11938,,1057680,135166,285675,356755,183240,73063,14535,9246,,1429447,452720,349675,320796,2662,128569,175025,53554,121471,,1141952,67384,37503,40748,46462,46901,51893,47052,50760,43755,88979,118447,155803,114183,72489,81718,77875,,3059238,1541789,92638,98171,104066,60095,127781,225322,210823,202732,191222,145580,65338,18021,1517449,88791,92791,100108,57370,120709,217477,202487,193702,190546,156269,71380,25819,,3018139,388814,178731,210083,2629325,1334834,1294491,,3059238,1799601,284412,37850,255094,21810,345215,315256,,829018,770283,58735,,709941,659164,50777
New Hampshire,,53224,8044,3594,4450,45180,23774,21406,,1186782,81602,35488,46114,1105180,555032,550148,,48533,4889,2105,2784,43644,22108,21536,,10801,1213,605,608,9588,5167,4421,,482,41,20,21,441,142,299,,35208,3067,1269,1798,32141,15368,16773,,1920,136,36,100,1784,960,824,,19667,3284,1608,1676,16383,9489,6894,,1214071,85799,37267,48532,1128272,567238,561034,,986106,62809,269342,276920,230314,110986,19946,15789,,486409,35312,142062,128941,112298,47550,11014,9232,,499697,27497,127280,147979,118016,63436,8932,6557,,738506,314716,114676,154949,2724,62480,88961,45725,43236,,540498,18333,15565,16254,17256,17867,18376,18152,17648,17722,35697,50391,73882,61870,44265,57634,59586,,1372175,683846,32295,36298,39656,25252,63936,88591,81058,93522,107461,75070,30331,10376,688329,31214,32468,39337,24095,61518,82968,79577,93706,109087,79052,37432,17875,,1330682,98429,42910,55519,1232253,620472,611781,,1372175,1249067,21834,1988,36625,513,11258,50890,,403432,386756,16676,,364021,351750,12271
New Jersey,,1894935,322473,139229,183244,1572462,810540,761922,,4886745,294864,129656,165208,4591881,2270916,2320965,,609019,79904,36227,43677,529115,263944,265171,,665810,129781,56814,72967,536029,281272,254757,,3198,540,253,287,2658,1469,1189,,886145,54435,25459,28976,831710,410644,421066,,24184,4345,1909,2436,19839,11001,8838,,1176507,195860,84210,111650,980647,463829,516818,,5693630,419031,181390,237641,5274599,2619609,2654990,,6411606,608877,1693560,1448316,1611515,763884,178003,107451,,3096343,305597,828670,687796,765676,345393,101971,61240,,3315263,303280,864890,760520,845839,418491,76032,46211,,4588902,2070173,699743,970893,6921,314925,526247,175216,351031,,3397156,147115,109383,97910,110066,105606,105000,102428,103871,90630,197644,275404,410984,341188,267947,369660,562320,,9234024,4539311,271646,287097,299463,185406,399356,597528,598712,624281,622721,403049,182138,67914,4694713,258730,270750,290610,176740,382620,582308,598294,640890,652356,463869,246504,131042,,9058493,883896,386262,497634,8174597,4051768,4122829,,9234024,5787873,1225321,24719,900516,3303,675022,617270,,2571973,2412912,159061,,2321902,2175990,145912
New Mexico,,1025895,214875,98293,116582,811020,407648,403372,,745948,88043,40505,47538,657905,328630,329275,,255822,48035,22180,25855,207787,103840,103947,,200143,47348,21620,25728,152795,78610,74185,,1668,317,237,80,1351,703,648,,33621,3645,1349,2296,29976,13605,16371,,194572,61147,29329,31818,133425,64082,69343,,41937,9446,5187,4259,32491,17977,14514,,1339857,208958,94914,114044,1130899,565921,564978,,1426639,188715,371398,459485,225538,127471,27269,26763,,699039,98551,195280,215761,103784,53962,14768,16933,,727600,90164,176118,243724,121754,73509,12501,9830,,889428,343312,172982,187244,8045,87504,90341,30266,60075,,797596,64161,43831,40443,41481,40098,39859,34588,35206,33505,62084,78979,92594,65630,42932,43448,38757,,2109366,1048448,61578,68043,74617,43125,102046,144760,131926,119662,132493,106777,47392,16029,1060918,59138,64912,72068,41845,95355,135745,128797,121435,142280,118105,55735,25503,,2067620,378896,174816,204080,1688724,844738,843986,,2109366,1364638,44792,197712,34313,1705,204742,261464,,499534,465393,34141,,453030,424035,28995
New York,,3787607,766737,327572,439165,3020870,1537368,1483502,,10726059,988753,445183,543570,9737306,4838038,4899268,,1175403,190201,83312,106889,985202,491738,493464,,1773856,397739,171661,226078,1376117,705552,670565,,8605,2344,948,1396,6261,2951,3310,,1699943,239259,110109,129150,1460684,706380,754304,,80947,18745,8680,10065,62202,32378,29824,,2946863,594084,261372,332712,2352779,1097668,1255111,,11918513,1194451,532923,661528,10724062,5336943,5387119,,14081080,1769657,3553598,3391113,2996306,1706772,433494,230140,,6751946,879139,1773724,1618275,1440091,676899,238598,125220,,7329134,890518,1779874,1772838,1556215,1029873,194896,104920,,9663517,4204721,1867332,1974527,22566,649225,945146,323365,621781,,7530150,456977,333523,286018,281703,275761,268906,246649,264424,228994,477356,638697,887015,711313,521835,676774,974205,,20114745,9821711,590167,577739,620488,370896,910475,1449506,1264814,1275357,1310482,895711,400262,155814,10293034,564209,553646,586601,353650,905794,1455137,1280662,1321767,1393196,1034154,548526,295692,,19604130,2636823,1169005,1467818,16967307,8373610,8593697,,20114745,12215118,3058846,83734,1739196,9131,1808007,1200713,,5312835,4963131,349704,,4993595,4700386,293209
North Carolina,,991728,231783,104732,127051,759945,402155,357790,,6283973,599394,259685,339709,5684579,2819882,2864697,,485139,90008,40105,49903,395131,196990,198141,,365429,88337,39293,49044,277092,150490,126602,,6635,1600,759,841,5035,2531,2504,,308031,29425,13457,15968,278606,135755,142851,,110567,26484,11775,14709,84083,40879,43204,,2113081,445971,191524,254447,1667110,786012,881098,,6703877,697847,305133,392714,6006030,2988147,3017883,,7084876,776686,1787594,2181433,1481848,621189,134988,101138,,3386575,424763,910906,982885,679360,257843,75142,55676,,3698301,351923,876688,1198548,802488,363346,59846,45462,,4845768,1932646,790717,995405,25431,412279,689290,327535,361755,,4034684,235452,183386,176464,184679,191030,192550,183368,181589,161782,312862,399234,512372,357498,237824,244476,280118,,10367022,5067666,304889,319048,346840,205862,504452,680742,642983,668994,647688,477261,205600,63307,5299356,289115,308334,329006,199221,475379,695259,668015,692480,702480,553464,268601,118002,,10092759,1379672,602046,777626,8713087,4300804,4412283,,10367022,6865508,2193147,113719,314690,7119,372381,500458,,2639689,2499821,139868,,2479708,2345947,133761
North Dakota,,30498,5547,2920,2627,24951,13282,11669,,624280,51792,23358,28434,572488,296387,276101,,28786,4573,1945,2628,24213,12040,12173,,9484,1756,996,760,7728,3909,3819,,1175,498,297,201,677,385,292,,11985,2318,1341,977,9667,4612,5055,,37633,11671,5308,6363,25962,13205,12757,,23422,6057,2760,3297,17365,10293,7072,,637208,53517,24295,29222,583691,302452,281239,,503897,33831,131400,182014,112023,32085,7056,5488,,257650,18730,72737,93493,52656,13040,4128,2866,,246247,15101,58663,88521,59367,19045,2928,2622,,403612,156596,70138,78680,6472,40963,50763,19811,30952,,316542,16890,11838,11488,12974,13260,12908,12413,12793,11241,24847,31240,43965,32804,23736,22989,21156,,773344,397093,27612,26774,26311,13946,44800,61657,50465,41873,48776,33924,14654,6301,376251,25805,25531,24432,14047,40189,52846,44343,39041,46698,33768,18900,10651,,749693,80390,36942,43448,669303,346896,322407,,773344,656584,24349,39103,12313,1194,10002,29799,,225884,217874,8010,,190880,185738,5142
Ohio,,466692,107719,49564,58155,358973,187593,171380,,8929272,919976,404614,515362,8009296,4000355,4008941,,488509,104744,48498,56246,383765,192060,191705,,138365,33990,17613,16377,104375,55962,48413,,3690,1236,566,670,2454,1010,1444,,269395,32698,14873,17825,236697,114942,121755,,17625,4038,1960,2078,13587,6878,6709,,1389779,385540,173530,212010,1004239,484766,519473,,9143983,966717,423976,542741,8177266,4086352,4090914,,8077453,715751,2636855,2326518,1483021,674554,145311,95443,,3914049,369382,1339204,1072851,709485,283772,84527,54828,,4163404,346369,1297651,1253667,773536,390782,60784,40615,,5656463,2172892,934501,1175651,16584,403649,953186,460416,492770,,4754161,293381,198612,200089,211550,213393,219014,206483,213030,184945,372687,484104,628149,444313,291036,300551,292824,,11769923,5800004,351995,366508,390216,237370,539866,776454,715930,737774,792324,564936,240950,85681,5969919,337131,346303,374155,226311,522615,766804,714127,741114,828124,632006,322440,158789,,11451346,1528963,681016,847947,9922383,4941970,4980413,,11769923,9374538,1452530,18416,276828,3899,141320,502392,,3110793,2939506,171287,,2860076,2716957,143119
Oklahoma,,432636,95614,46146,49468,337022,177382,159640,,2468989,297580,131066,166514,2171409,1086024,1085385,,383574,72328,33197,39131,311246,155212,156034,,116388,26729,13012,13717,89659,48733,40926,,6480,1957,772,1185,4523,2573,1950,,86947,12510,5427,7083,74437,34595,39842,,295387,56497,26081,30416,238890,118580,120310,,267620,70535,31629,38906,197085,99479,97606,,2681411,343297,153093,190204,2338114,1173662,1164452,,2607741,293373,803726,810500,457256,173720,40742,28424,,1276548,155556,413134,378264,213598,74948,24284,16764,,1331193,137817,390592,432236,243658,98772,16458,11660,,1786742,649198,305246,381464,11321,184674,254839,114730,140109,,1503868,92674,69483,66247,75007,81477,73014,69968,70191,61686,125760,154893,190964,132614,82464,80411,77015,,3948136,1964927,129519,136180,142822,82948,196910,271531,254745,231695,241267,173216,80827,23267,1983209,123410,130675,136325,79191,182415,264085,248358,228277,251951,193816,101377,43329,,3837807,583853,263211,320642,3253954,1632834,1621120,,3948136,2752553,284536,303792,88601,6760,118507,393387,,1001240,949385,51855,,880358,837357,43001
Oregon,,559233,89722,42360,47362,469511,247276,222235,,3062714,330323,151601,178722,2732391,1362626,1369765,,317238,44925,20594,24331,272313,136744,135569,,155873,24857,12110,12747,131016,71103,59913,,16808,3318,1681,1637,13490,7053,6437,,183455,22127,10844,11283,161328,75084,86244,,44146,9214,3887,5327,34932,18051,16881,,74410,18019,9296,8723,56391,30960,25431,,3336403,376057,172565,203492,2960346,1479881,1480465,,2971396,252602,668083,1009617,644813,275519,68616,52146,,1463373,138167,342678,483933,310029,120100,38361,30105,,1508023,114435,325405,525684,334784,155419,30255,22041,,2026107,830571,352631,413446,31277,148555,249627,107979,141648,,1658091,84552,60961,60383,63212,63681,66602,66314,67675,58960,122270,167046,223511,168085,114788,130812,139239,,4207177,2096429,114886,124130,131624,77796,184620,300714,292494,262643,264235,220081,90549,32657,2110748,108729,117183,125449,73689,177675,292074,283177,254881,278053,241273,108052,50513,,4128333,498517,230977,267540,3629816,1818876,1810940,,4207177,3394838,77913,46075,186724,17272,158743,325612,,1133390,1068250,65140,,1013303,957857,55446
Pennsylvania,,990818,250208,116823,133385,740610,383001,357609,,9468656,798912,347359,451553,8669744,4320375,4349369,,537262,93461,41477,51984,443801,222326,221475,,341763,101024,48136,52888,240739,127159,113580,,4047,809,423,386,3238,1391,1847,,447017,58478,28036,30442,388539,189314,199225,,19421,4123,2107,2016,15298,7651,7647,,1344982,331112,146213,184899,1013870,487411,526459,,9873760,893804,390154,503650,8979956,4478640,4501316,,9111497,787376,3079339,2227532,1813647,859980,196159,147464,,4423782,406277,1537412,1044879,882002,358275,112333,82604,,4687715,381099,1541927,1182653,931645,501705,83826,64860,,6295594,2558273,1050891,1288223,25386,474759,898062,371754,526308,,5147783,275900,206667,208376,210528,215268,217916,205703,206611,184076,375745,503653,679745,502626,342972,380936,431061,,12970650,6394217,358907,372560,407426,247022,584520,864033,784542,824294,903026,651629,285611,110647,6576433,341885,360844,381917,233921,570151,837065,774036,825896,936815,723262,380943,209698,,12568252,1482811,656546,826265,11085441,5513892,5571549,,12970650,10153752,1425210,20511,460932,4426,350618,555201,,3477571,3278110,199461,,3185319,3017484,167835
Rhode Island,,173832,40233,19043,21190,133599,68605,64994,,741209,56189,23507,32682,685020,337603,347417,,69767,11694,5847,5847,58073,29059,29014,,64954,16119,7689,8430,48835,25756,23079,,654,124,73,51,530,310,220,,35297,4553,1713,2840,30744,15367,15377,,4194,1091,606,485,3103,1469,1634,,65751,12681,5595,7086,53070,26832,26238,,809697,71995,30365,41630,737702,364233,373469,,766615,83508,213716,198622,160523,77992,18212,14042,,369734,41991,108907,91066,76428,33388,10442,7512,,396881,41517,104809,107556,84095,44604,7770,6530,,552707,225984,101248,119202,1039,39774,65460,30213,35247,,426769,21194,20657,16203,16353,15283,15553,14531,16989,12434,27596,37772,57528,45140,33926,37039,38571,,1091949,534283,28236,28728,32137,19833,55615,77010,65678,69183,74894,52110,22662,8197,557666,27134,28605,29268,18722,57056,74208,65182,71828,80046,58004,31057,16556,,1050314,118257,51888,66369,932057,463026,469031,,1091949,841181,69398,4437,37701,689,66575,71968,,302102,282813,19289,,286033,269894,16139
South Carolina,,296380,68654,33624,35030,227726,121871,105855,,3134661,310283,135832,174451,2824378,1397263,1427115,,194795,33941,15603,18338,160854,79340,81514,,107486,28592,14983,13609,78894,44962,33932,,4389,894,423,471,3495,1710,1785,,81384,9142,4613,4529,72242,33935,38307,,15280,4072,2067,2005,11208,5970,5238,,1285282,304656,129230,175426,980626,464298,516328,,3257500,337048,147463,189585,2920452,1448129,1472323,,3507171,393448,1008011,1059288,653988,288540,60868,43028,,1669228,209489,502804,473326,311093,113004,34729,24783,,1837943,183959,505207,585962,342895,175536,26139,18245,,2313378,846939,397008,495012,9062,204090,361267,182503,178764,,1976447,136273,88573,88732,93884,93387,97356,88094,90599,79335,156392,198401,251920,168104,113602,114473,117322,,5078903,2474059,146308,155195,167163,97971,238194,324208,305203,310404,324491,260748,113123,31051,2604844,139164,151791,158207,94004,223735,336392,318240,327681,359055,300550,141027,54998,,4946116,718345,314382,403963,4227771,2078344,2149427,,5078903,3334961,1328691,15595,83441,4545,109896,201774,,1257921,1191762,66159,,1186081,1121616,64465
South Dakota,,35902,7084,3157,3927,28818,15355,13463,,692293,56606,25011,31595,635687,325176,310511,,37068,6964,3455,3509,30104,15197,14907,,8345,1616,726,890,6729,3510,3219,,702,207,107,100,495,273,222,,12266,1637,753,884,10629,4950,5679,,69177,33981,16100,17881,35196,17355,17841,,18323,3240,1618,1622,15083,8701,6382,,707294,58646,25832,32814,648648,332242,316406,,580235,43328,174791,188079,119331,38009,10182,6515,,292106,23894,94934,90521,56393,16355,6302,3707,,288129,19434,79857,97558,62938,21654,3880,2808,,448357,168836,75598,93895,7873,39835,62320,29214,33106,,345779,16122,13569,13239,15046,14673,17636,14749,16039,14064,27626,36763,51170,35402,22050,19680,17951,,881785,446461,30241,31312,31887,18202,42713,59518,55526,49291,58835,44416,18047,6473,435324,29297,30911,29840,17008,40139,53958,51507,46771,58045,44040,21582,12226,,853175,106291,48591,57700,746884,382228,364656,,881785,728526,19300,73296,12677,753,8714,38519,,246061,236986,9075,,217137,211371,5766
Tennessee,,386626,89799,43780,46019,296827,157763,139064,,4895073,559662,244893,314769,4335411,2157497,2177914,,254264,49199,22633,26566,205065,104965,100100,,121227,31008,14637,16371,90219,48243,41976,,4018,834,295,539,3184,1436,1748,,122774,11574,4901,6673,111200,52619,58581,,14096,3277,1711,1566,10819,5690,5129,,1090429,256872,110362,146510,833557,398255,435302,,5086104,603165,266178,336987,4482939,2234399,2248540,,4708480,529162,1485813,1326294,859255,356100,87302,64554,,2265508,279731,749397,601793,405266,145270,48189,35862,,2442972,249431,736416,724501,453989,210830,39113,28692,,3201140,1184226,521652,684644,12590,264241,533787,249291,284496,,2664791,165651,125923,122746,121839,126281,128200,125032,124541,108666,211947,273378,340089,235515,144914,151364,158705,,6859497,3362099,207621,213730,227633,135614,311993,464442,427727,438241,435497,320313,141284,38004,3497398,198246,201896,219898,129605,304781,472712,435260,447380,469031,362893,183042,72654,,6692912,955929,420717,535212,5736983,2845607,2891376,,6859497,5198206,1130608,15219,125581,4312,123978,261593,,1762618,1671825,90793,,1618090,1529315,88775
Texas,,11291275,2177111,979588,1197523,9114164,4684708,4429456,,11502045,946094,415792,530302,10555951,5292909,5263042,,3091982,513492,235657,277835,2578490,1310738,1267752,,1989738,398635,184366,214269,1591103,842833,748270,,23703,4232,1950,2282,19471,9487,9984,,1436748,138821,68009,70812,1297927,628469,669458,,143949,21265,10035,11230,122684,64210,58474,,3364471,627050,276612,350438,2737421,1325441,1411980,,18209673,2261622,997698,1263924,15948051,8043590,7904461,,18619469,2826181,4563619,5358474,3791665,1522588,327556,229386,,9158236,1457318,2316330,2561921,1803421,698444,187395,133407,,9461233,1368863,2247289,2796553,1988244,824144,140161,95979,,13618630,5245369,2262556,2927917,54073,1375441,1753274,672181,1081093,,10239341,582804,381790,380507,413003,431492,439416,406866,424814,369600,764124,1003541,1297103,975061,686142,787514,895564,,28862581,14398171,1000733,1043347,1111175,647804,1436876,2120302,2011317,1790202,1603097,1051370,441658,140290,14464410,958490,998344,1065663,620620,1360060,2059727,1967990,1785594,1660442,1181847,561956,243677,,28260264,3965117,1774327,2190790,24295147,12224768,12070379,,28862581,18566027,3499862,147892,1452713,24608,2019394,3152085,,7825106,7414563,410543,,6565110,6204067,361043
Utah,,456749,62762,29399,33363,393987,204589,189398,,2463623,181211,81940,99271,2282412,1157984,1124428,,179779,17301,8521,8780,162478,83676,78802,,163651,24582,11129,13453,139069,73563,65506,,28584,2671,1321,1350,25913,13303,12610,,74124,9031,4289,4742,65093,30427,34666,,32364,7660,3460,4200,24704,12196,12508,,36837,7815,3801,4014,29022,16903,12119,,2667353,209426,95407,114019,2457927,1247204,1210723,,1921860,132503,435611,672887,450953,166433,35638,27835,,962517,70839,213082,318531,223245,93248,24164,19408,,959343,61664,222529,354356,227708,73185,11474,8427,,1590143,642509,233263,366163,5102,136628,206478,95022,111456,,1033651,36609,26427,26102,27933,34900,37034,34441,40067,36983,75298,112196,156374,122817,87243,90896,88331,,3231370,1633843,125819,136703,140717,82895,185192,239874,229722,172254,152357,106686,46514,15110,1597527,119820,129864,131992,78253,178255,230615,219284,164933,154653,113878,54996,20984,,3182692,278486,127928,150558,2904206,1477272,1426934,,3231370,2704561,38545,33242,75530,29086,168048,182358,,914454,882848,31606,,733859,707295,26564
Vermont,,11993,1745,734,1011,10248,5060,5188,,568984,56919,25247,31672,512065,256957,255108,,20508,3180,1418,1762,17328,8892,8436,,2898,349,162,187,2549,1219,1330,,141,5,0,5,136,68,68,,10019,1671,841,830,8348,3450,4898,,1464,365,145,220,1099,598,501,,7266,1474,916,558,5792,3476,2316,,574805,57918,25617,32301,516887,259297,257590,,454463,27915,127128,113730,110000,54302,11805,9583,,221540,17049,69255,52929,50591,20255,6286,5175,,232923,10866,57873,60801,59409,34047,5519,4408,,335239,147819,54254,62697,4438,29540,36491,19740,16751,,262514,10819,12115,9917,10502,11166,10726,10661,10423,9655,19586,27131,36387,27173,18568,18858,18827,,641637,318533,15119,17222,18161,11305,35186,38087,36770,40240,48289,37692,15604,4858,323104,14049,15342,16997,10694,33099,37288,37734,40981,49943,39667,18545,8765,,617101,64962,29099,35863,552139,277000,275139,,641637,596282,8166,1520,10759,165,3123,21622,,177296,169085,8211,,171611,166154,5457
Virginia,,815809,105424,45431,59993,710385,372445,337940,,5071159,388020,172618,215402,4683139,2337117,2346022,,488039,50352,22398,27954,437687,222811,214876,,259943,43364,19027,24337,216579,116077,100502,,4941,517,260,257,4424,2229,2195,,569242,40224,18660,21564,529018,249400,279618,,22771,2439,1108,1331,20332,10312,10020,,1559301,261009,110436,150573,1298292,625585,672707,,5432831,430759,191218,239541,5002072,2502106,2499966,,5882521,539599,1402487,1568038,1338831,762490,155464,115612,,2858838,281962,719050,720827,627514,356300,87219,65966,,3023683,257637,683437,847211,711317,406190,68245,49646,,4219781,1954214,682362,807573,14146,316525,444961,174810,270151,,3248528,150800,98723,99883,107792,112852,110605,108521,113732,106067,221224,292323,414535,328875,243458,315040,424098,,8582479,4245281,256734,266854,280270,166637,415948,593484,568853,555240,546869,376160,165350,52882,4337198,244760,252006,266690,158801,391258,581961,567392,564357,575765,427110,215887,91211,,8337068,828664,363107,465557,7508404,3728520,3779884,,8582479,5574307,1631941,24007,578210,5313,265361,503340,,2293624,2188229,105395,,2128964,2031552,97412
Washington,,987113,162935,73250,89685,824178,434451,389727,,4982631,407308,182795,224513,4575323,2312296,2263027,,639886,78595,36947,41648,561291,281503,279788,,370549,66962,30920,36042,303587,167136,136451,,49691,7029,3225,3804,42662,22200,20462,,672039,58435,26448,31987,613604,291698,321906,,86925,18100,8789,9311,68825,33350,35475,,283133,49462,23993,25469,233671,129282,104389,,5376534,468321,209012,259309,4908213,2484068,2424145,,5278652,426501,1150293,1733850,1217575,544325,120128,85980,,2629251,227216,601758,832267,598429,254000,65702,49879,,2649401,199285,548535,901583,619146,290325,54426,36101,,3701656,1610719,595569,705511,54852,291679,443326,169973,273353,,2931841,122237,84336,83289,88319,93924,93696,96944,103507,94566,200810,278463,391503,316297,232045,287746,364159,,7617364,3831964,230732,242605,245314,142233,341829,596836,534910,476959,478018,350206,143665,48657,3785400,218811,230501,233793,136471,316423,555320,509190,462317,487330,382040,171014,82190,,7478757,746904,339334,407570,6731853,3409237,3322616,,7617364,5465011,293401,90789,682711,50902,378956,655594,,2098569,1990888,107681,,1801346,1710768,90578
West Virginia,,28222,5683,2735,2948,22539,12015,10524,,1604257,258989,114691,144298,1345268,678057,667211,,53879,13792,6187,7605,40087,21305,18782,,9207,2405,1247,1158,6802,3715,3087,,677,223,0,223,454,220,234,,13663,2057,978,1079,11606,5252,6354,,1700,345,171,174,1355,577,778,,53602,14774,6951,7823,38828,21108,17720,,1618321,262036,116016,146020,1356285,683827,672458,,1277914,152581,512232,334820,165975,81546,17591,13169,,626370,81785,266651,151202,77665,30887,10461,7719,,651544,70796,245581,183618,88310,50659,7130,5450,,736088,254206,138512,156026,2399,77141,107804,41754,66050,,711352,55868,41534,41769,40261,38139,35538,35333,32366,29709,57258,68655,84207,57019,34410,31940,27346,,1801049,896723,48062,51311,56100,33282,81598,107520,110481,117303,126256,104964,46984,12862,904326,45161,49064,51980,31535,75042,103404,107524,115369,131182,112762,55554,25749,,1751049,295632,131550,164082,1455417,736004,719413,,1801049,1658405,61143,1911,13882,683,9562,55463,,417436,388291,29145,,368929,347797,21132
Wisconsin,,413927,77025,36902,40123,336902,175556,161346,,4603131,373958,163465,210493,4229173,2137125,2092048,,252256,42014,19076,22938,210242,106044,104198,,127945,25516,12761,12755,102429,54925,47504,,2703,561,217,344,2142,1207,935,,162733,23048,11926,11122,139685,67923,71762,,43940,10262,5157,5105,33678,16825,16853,,351633,102614,45871,56743,249019,121840,127179,,4785729,406617,178740,227877,4379112,2212915,2166197,,4027685,285275,1209751,1264360,833670,312037,70286,52306,,1994887,158896,633598,612410,388282,130406,41644,29651,,2032798,126379,576153,651950,445388,181631,28642,22655,,3014612,1145124,479062,596737,25574,233150,534965,289602,245363,,2401818,101769,90814,82364,101137,105524,101033,95939,101936,99103,194576,256538,344384,248943,164770,165972,147016,,5871661,2937621,168590,180072,195924,117764,280384,375284,370951,371519,416624,292854,124187,43468,2934040,160734,173541,183963,112356,270648,359871,357763,361060,417535,306333,149977,80259,,5726939,610632,273748,336884,5116307,2581679,2534628,,5871661,4894019,372439,45831,166670,2862,130363,259477,,1634843,1572544,62299,,1488786,1442068,46718
Wyoming,,57649,10114,5054,5060,47535,25559,21976,,468194,43447,19383,24064,424747,219043,205704,,27811,2590,1244,1346,25221,12636,12585,,13026,2285,1197,1088,10741,6336,4405,,430,74,11,63,356,137,219,,4936,732,227,505,4204,1738,2466,,12436,3094,1346,1748,9342,4572,4770,,4847,1770,784,986,3077,2240,837,,499896,49937,22618,27319,449959,232285,217674,,390162,24433,110950,143496,69809,30947,5993,4534,,198279,13303,62273,68970,32765,14351,3753,2864,,191883,11130,48677,74526,37044,16596,2240,1670,,284934,104764,48986,53261,3493,38321,36109,13074,23035,,230653,11557,8523,8672,8879,10047,10116,8775,8630,8289,18169,23853,33153,25943,16190,16818,13039,,576641,295204,17712,19577,20150,11865,27621,39712,38660,33686,39252,30787,12406,3776,281437,16550,18237,19632,10744,24391,36024,36189,31532,38567,29710,13834,6027,,563382,60482,27427,33055,502900,259944,242956,,576641,511179,5242,12987,5046,433,13317,28437,,163400,155502,7898,,133998,129432,4566
TOTAL (All Selected States),,59641890,10560320,4756123,5804197,49081570,25257717,23823853,,191671590,17668529,7837702,9830827,174003061,87061147,86941914,,22553349,3358317,1532288,1826029,19195032,9700853,9494179,,18044712,3440072,1561482,1878590,14604640,7643077,6961563,,597433,99627,46230,53397,497806,252815,244991,,18441726,1900825,880175,1020650,16540901,7938105,8602796,,2630250,615351,287939,327412,2014899,1013739,1001160,,39745907,8630739,3785225,4845514,31115168,14944001,16171167,,219884326,22616705,10038936,12577769,197267621,98917929,98349692,,225152317,25050356,59636386,64656741,46354331,21041939,5012868,3399696,,109715423,13014399,30403580,30335401,22074780,9158080,2798716,1930467,,115436894,12035957,29232806,34321340,24279551,11883859,2214152,1469229,,157510982,63469480,26826595,32862044,975220,12744051,20633592,8698901,11934691,,124010992,6835028,4848344,4672903,4947418,5044233,5096729,4799326,4968184,4395258,8982113,11863218,15895589,11904114,8333858,9694986,11729691,,329725481,163206615,9940776,10353792,11101231,6595645,15499748,22957304,21329742,20746601,20919356,14887011,6597798,2277611,166518866,9482345,9893346,10572886,6294054,14839341,22403638,21112141,20884857,21910057,16703608,8400416,4022177,,321897703,40661636,18132275,22529361,281236067,140410519,140825548,,329725481,224789109,41393012,2722661,18782924,615557,18382796,23039422,,87786541,82900641,4885900,,79476756,75115489,4361267
