Statistics,MalePop,M_Under5Years,M_5to9Years,M_10to14Years,M_15to17Years,M_18to24Years,M_25to34Years,M_35to44Years,M_45to54Years,M_55to64Years,M_65to74Years,M_75to84Years,M_85YearsandOver,FemalePop,F_Under5Years,F_5to9Years,F_10to14Years,F_15to17Years,F_18to24Years,F_25to34Years,F_35to44Years,F_45to54Years,F_55to64Years,F_65to74Years,F_75to84Years,F_85YearsandOver,MaleEA_LessthanHighSchool,MaleEA_HighSchoolGrad,MaleEA_SomeCollege,MaleEA_BachelorsDegree,MaleEA_MastersDegree,MaleEA_ProfessionalSchoolDegree,MaleEA_DoctorateDegree,FemEA_LessthanHighSchool,FemEA_HighSchoolGrad,FemEA_SomeCollege,FemEA_BachelorsDegree,FemEA_MastersDegree,FemEA_ProfessionalSchoolDegree,FemEA_DoctorateDegree,MaleSDR_NotHighSchoolGradNotEnrolled,MaleSDR_HighSchoolGradEnrolled ,FemSDR_NotHighSchoolGradNotEnrolled,FemSDR_HighSchoolGradEnrolled ,MaleES_InLaborForce,MaleES_InArmedForces,MaleES_Civilian,MaleES_Employed,MaleES_Unemployed,MaleES_NotinLaborForce,FemES_InLaborForce,FemES_InArmedForces,FemES_Civilian,FemES_Employed,FemES_Unemployed,FemES_NotinLaborForce,MaleEmpSec_PrivateSector,MaleEmpSec_PublicSector,MaleEmpSec_SelfEmployed,MaleEmpSec_PrivateNonProfit,MaleEmpSec_UnpaidFamilyWorkers,FemEmpSec_PrivateSector,FemEmpSec_PublicSector,FemEmpSec_SelfEmployed,FemEmpSec_PrivateNonProfit,FemEmpSec_UnpaidFamilyWorkers,MaleUR_Employed,MaleUR_Unemployed,FemUR_Employed,FemUR_Unemployed,Male_ManagementBusinessandFinancialOperations,Male_ProfessionalandRelated,Male_HealthcareSupport ,Male_Protective Service,Male_FoodPrepandServing,Male_BuildingandGroundsCleaningandMaintenance  ,Male_PersonalCareandService,Male_SalesandRelated,Male_OfficeandAdminSupport,Male_FarmingFishingandForestry,Male_ConstructionExtractionandMaintenance,Male_Production,Male_TranspoandMaterialMoving,Fem_ManagementBusinessandFinancialOperations,Fem_ProfessionalandRelated,Fem_HealthcareSupport ,Fem_Protective Service,Fem_FoodPrepandServing,Fem_BuildingandGroundsCleaningandMaintenance  ,Fem_PersonalCareandService,Fem_SalesandRelated,Fem_OfficeandAdminSupport,Fem_FarmingFishingandForestry,Fem_ConstructionExtractionandMaintenance,Fem_Production,Fem_TranspoandMaterialMoving
Alabama,0.486,0.03,0.031,0.034,0.02,0.046,0.064,0.06,0.062,0.065,0.048,0.021,0.006,0.514,0.029,0.029,0.032,0.019,0.046,0.066,0.063,0.065,0.07,0.055,0.029,0.011,0.139,0.32,0.284,0.16,0.062,0.019,0.015,0.114,0.292,0.319,0.169,0.084,0.013,0.01,0.049,0.951,0.035,0.965,0.631,0.007,0.624,0.591,0.033,0.369,0.528,0.001,0.527,0.498,0.029,0.472,0.715,0.132,0.11,0.042,0.002,0.653,0.185,0.067,0.094,0.001,0.947,0.053,0.945,0.055,0.143,0.168,0.006,0.033,0.041,0.042,0.01,0.091,0.041,0.007,0.168,0.119,0.131,0.132,0.284,0.051,0.01,0.064,0.029,0.038,0.115,0.181,0.002,0.007,0.051,0.036
Alaska,0.523,0.035,0.037,0.035,0.02,0.053,0.084,0.068,0.063,0.066,0.043,0.014,0.004,0.477,0.034,0.035,0.033,0.019,0.041,0.075,0.063,0.056,0.061,0.04,0.016,0.005,0.072,0.316,0.345,0.166,0.068,0.02,0.014,0.063,0.251,0.339,0.219,0.096,0.021,0.011,0.049,0.951,0.032,0.968,0.706,0.058,0.647,0.598,0.049,0.294,0.632,0.01,0.623,0.585,0.038,0.368,0.578,0.24,0.109,0.07,0.003,0.496,0.279,0.09,0.133,0.002,0.924,0.076,0.939,0.061,0.142,0.187,0.011,0.042,0.045,0.043,0.017,0.07,0.061,0.016,0.186,0.055,0.126,0.155,0.293,0.059,0.013,0.058,0.029,0.045,0.086,0.194,0.005,0.009,0.021,0.032
Arizona,0.499,0.03,0.032,0.035,0.02,0.049,0.071,0.064,0.059,0.059,0.049,0.025,0.008,0.501,0.029,0.03,0.033,0.019,0.046,0.066,0.061,0.059,0.063,0.055,0.028,0.011,0.124,0.241,0.325,0.191,0.08,0.023,0.016,0.11,0.229,0.347,0.194,0.092,0.015,0.012,0.068,0.933,0.045,0.955,0.656,0.007,0.649,0.614,0.036,0.344,0.557,0.001,0.556,0.524,0.032,0.443,0.72,0.119,0.113,0.046,0.002,0.656,0.162,0.084,0.096,0.002,0.945,0.055,0.943,0.058,0.162,0.191,0.011,0.036,0.051,0.048,0.012,0.105,0.069,0.008,0.152,0.054,0.102,0.163,0.263,0.054,0.012,0.064,0.033,0.042,0.108,0.197,0.003,0.007,0.021,0.034
Arkansas,0.494,0.032,0.033,0.035,0.021,0.048,0.065,0.062,0.06,0.063,0.047,0.022,0.006,0.507,0.03,0.032,0.033,0.02,0.045,0.065,0.063,0.061,0.066,0.053,0.028,0.012,0.134,0.367,0.269,0.148,0.053,0.018,0.011,0.113,0.316,0.316,0.162,0.074,0.011,0.008,0.048,0.952,0.038,0.962,0.626,0.004,0.622,0.587,0.035,0.374,0.543,0.001,0.542,0.515,0.027,0.457,0.706,0.119,0.123,0.05,0.002,0.634,0.187,0.075,0.103,0.002,0.944,0.056,0.95,0.051,0.142,0.15,0.008,0.029,0.043,0.043,0.01,0.093,0.046,0.016,0.17,0.114,0.136,0.13,0.286,0.058,0.01,0.067,0.031,0.035,0.106,0.178,0.003,0.007,0.054,0.034
California,0.5,0.031,0.032,0.035,0.02,0.048,0.078,0.069,0.064,0.06,0.04,0.018,0.007,0.5,0.029,0.03,0.033,0.019,0.045,0.073,0.066,0.064,0.062,0.045,0.022,0.012,0.162,0.214,0.277,0.213,0.087,0.027,0.021,0.155,0.196,0.292,0.224,0.096,0.024,0.014,0.031,0.969,0.02,0.98,0.698,0.008,0.69,0.646,0.044,0.302,0.581,0.001,0.579,0.541,0.039,0.419,0.708,0.113,0.129,0.048,0.002,0.631,0.175,0.097,0.096,0.002,0.936,0.064,0.933,0.067,0.168,0.216,0.013,0.03,0.05,0.042,0.013,0.091,0.058,0.018,0.134,0.059,0.106,0.167,0.276,0.063,0.01,0.059,0.034,0.045,0.103,0.165,0.009,0.005,0.031,0.034
Colorado,0.506,0.029,0.031,0.034,0.02,0.048,0.081,0.073,0.064,0.061,0.044,0.017,0.006,0.494,0.028,0.03,0.031,0.019,0.044,0.074,0.068,0.061,0.063,0.047,0.02,0.01,0.081,0.218,0.283,0.261,0.109,0.028,0.021,0.072,0.194,0.296,0.273,0.128,0.022,0.016,0.045,0.955,0.031,0.969,0.737,0.014,0.723,0.689,0.034,0.263,0.633,0.002,0.631,0.602,0.029,0.367,0.701,0.117,0.129,0.05,0.002,0.623,0.163,0.099,0.113,0.003,0.953,0.047,0.954,0.046,0.2,0.22,0.008,0.028,0.048,0.032,0.012,0.1,0.053,0.007,0.15,0.048,0.095,0.186,0.294,0.049,0.011,0.061,0.029,0.044,0.1,0.165,0.003,0.007,0.023,0.028
Connecticut,0.491,0.026,0.028,0.032,0.02,0.049,0.063,0.06,0.066,0.071,0.047,0.021,0.009,0.509,0.025,0.027,0.03,0.019,0.047,0.061,0.062,0.069,0.074,0.053,0.027,0.016,0.098,0.275,0.233,0.221,0.118,0.035,0.021,0.082,0.248,0.254,0.225,0.147,0.028,0.015,0.025,0.975,0.018,0.983,0.706,0.006,0.699,0.654,0.045,0.295,0.617,0,0.617,0.582,0.035,0.383,0.704,0.107,0.122,0.065,0.002,0.636,0.152,0.073,0.138,0.002,0.935,0.065,0.944,0.056,0.2,0.216,0.01,0.03,0.043,0.046,0.016,0.099,0.052,0.002,0.134,0.065,0.088,0.173,0.314,0.063,0.007,0.052,0.027,0.048,0.099,0.159,0.001,0.004,0.028,0.024
Delaware,0.486,0.028,0.029,0.032,0.019,0.043,0.065,0.058,0.06,0.067,0.054,0.024,0.007,0.514,0.027,0.028,0.03,0.018,0.042,0.065,0.06,0.064,0.075,0.062,0.03,0.012,0.104,0.321,0.254,0.188,0.089,0.021,0.024,0.076,0.289,0.285,0.2,0.118,0.017,0.015,0.048,0.952,0.039,0.961,0.662,0.01,0.653,0.615,0.038,0.338,0.585,0.002,0.583,0.551,0.032,0.415,0.695,0.137,0.109,0.057,0.002,0.636,0.173,0.064,0.124,0.002,0.942,0.058,0.945,0.056,0.165,0.194,0.01,0.038,0.041,0.051,0.015,0.092,0.055,0.007,0.158,0.059,0.115,0.166,0.303,0.055,0.014,0.057,0.025,0.039,0.097,0.181,0.003,0.004,0.024,0.034
District of Columbia,0.477,0.032,0.025,0.024,0.011,0.047,0.107,0.077,0.055,0.048,0.031,0.014,0.006,0.524,0.031,0.026,0.022,0.011,0.057,0.121,0.079,0.053,0.052,0.04,0.021,0.01,0.08,0.155,0.144,0.26,0.207,0.105,0.047,0.075,0.155,0.161,0.25,0.23,0.091,0.039,0.039,0.961,0.017,0.983,0.736,0.01,0.725,0.674,0.051,0.265,0.694,0.002,0.693,0.644,0.049,0.306,0.515,0.239,0.092,0.153,0.001,0.432,0.265,0.066,0.235,0.002,0.929,0.071,0.929,0.071,0.284,0.376,0.008,0.026,0.047,0.026,0.012,0.06,0.059,0,0.046,0.009,0.048,0.298,0.393,0.02,0.023,0.04,0.023,0.034,0.05,0.102,0.001,0.002,0.003,0.012
Florida,0.492,0.027,0.027,0.03,0.018,0.041,0.065,0.062,0.064,0.065,0.053,0.029,0.01,0.509,0.026,0.026,0.029,0.017,0.04,0.063,0.062,0.065,0.071,0.061,0.035,0.015,0.117,0.287,0.283,0.194,0.076,0.028,0.015,0.102,0.272,0.308,0.202,0.087,0.019,0.011,0.052,0.948,0.034,0.967,0.642,0.007,0.635,0.601,0.034,0.359,0.55,0.001,0.548,0.519,0.029,0.45,0.707,0.1,0.146,0.044,0.002,0.678,0.136,0.096,0.089,0.002,0.947,0.053,0.947,0.053,0.17,0.169,0.008,0.034,0.057,0.049,0.017,0.112,0.062,0.007,0.161,0.043,0.112,0.152,0.259,0.054,0.013,0.068,0.042,0.042,0.123,0.187,0.003,0.008,0.021,0.03
Georgia,0.489,0.031,0.033,0.036,0.022,0.049,0.068,0.065,0.065,0.059,0.04,0.017,0.005,0.511,0.03,0.032,0.035,0.021,0.047,0.07,0.068,0.068,0.064,0.047,0.022,0.009,0.131,0.289,0.263,0.2,0.079,0.024,0.015,0.106,0.257,0.296,0.203,0.102,0.022,0.014,0.056,0.944,0.035,0.966,0.684,0.012,0.672,0.637,0.035,0.317,0.591,0.002,0.589,0.555,0.034,0.409,0.725,0.112,0.119,0.042,0.002,0.664,0.176,0.077,0.083,0.002,0.948,0.053,0.942,0.058,0.175,0.178,0.006,0.03,0.045,0.042,0.011,0.097,0.054,0.007,0.151,0.075,0.13,0.159,0.279,0.043,0.014,0.061,0.028,0.037,0.111,0.174,0.003,0.007,0.041,0.043
Hawaii,0.504,0.031,0.031,0.031,0.017,0.046,0.072,0.066,0.061,0.063,0.052,0.023,0.01,0.496,0.029,0.029,0.029,0.016,0.038,0.067,0.063,0.06,0.064,0.055,0.028,0.017,0.07,0.284,0.319,0.209,0.073,0.026,0.018,0.076,0.253,0.311,0.234,0.091,0.022,0.013,0.034,0.966,0.035,0.965,0.693,0.068,0.625,0.592,0.033,0.307,0.609,0.012,0.597,0.567,0.03,0.391,0.616,0.204,0.121,0.057,0.002,0.578,0.214,0.096,0.109,0.003,0.947,0.053,0.95,0.05,0.145,0.188,0.008,0.053,0.08,0.062,0.024,0.082,0.057,0.01,0.159,0.032,0.1,0.144,0.257,0.05,0.011,0.077,0.044,0.04,0.127,0.188,0.005,0.006,0.017,0.033
Idaho,0.504,0.032,0.036,0.039,0.023,0.048,0.066,0.065,0.059,0.06,0.048,0.021,0.006,0.496,0.031,0.034,0.037,0.022,0.045,0.064,0.063,0.056,0.062,0.05,0.023,0.01,0.097,0.278,0.337,0.184,0.067,0.021,0.017,0.08,0.253,0.373,0.206,0.068,0.012,0.009,0.058,0.942,0.04,0.96,0.689,0.006,0.683,0.655,0.028,0.311,0.575,0.001,0.574,0.551,0.022,0.425,0.686,0.123,0.137,0.052,0.003,0.615,0.179,0.106,0.098,0.003,0.958,0.042,0.961,0.039,0.165,0.168,0.01,0.024,0.044,0.041,0.009,0.096,0.049,0.033,0.175,0.074,0.112,0.135,0.269,0.062,0.008,0.073,0.03,0.043,0.1,0.194,0.009,0.009,0.034,0.035
Illinois,0.494,0.03,0.031,0.034,0.021,0.046,0.069,0.066,0.064,0.064,0.044,0.019,0.007,0.506,0.028,0.03,0.032,0.02,0.045,0.068,0.065,0.064,0.067,0.049,0.025,0.013,0.108,0.266,0.275,0.215,0.092,0.028,0.016,0.094,0.243,0.291,0.221,0.117,0.021,0.013,0.041,0.959,0.031,0.969,0.7,0.003,0.697,0.653,0.044,0.3,0.607,0.001,0.606,0.57,0.036,0.393,0.732,0.103,0.103,0.06,0.002,0.656,0.149,0.065,0.128,0.002,0.937,0.063,0.94,0.06,0.18,0.189,0.008,0.032,0.045,0.039,0.012,0.095,0.055,0.005,0.127,0.084,0.13,0.165,0.285,0.058,0.012,0.059,0.026,0.044,0.101,0.173,0.001,0.005,0.036,0.037
Indiana,0.495,0.032,0.033,0.035,0.021,0.05,0.066,0.063,0.062,0.064,0.045,0.019,0.007,0.505,0.03,0.032,0.033,0.02,0.048,0.065,0.062,0.062,0.066,0.05,0.025,0.012,0.109,0.347,0.275,0.172,0.065,0.019,0.014,0.096,0.314,0.303,0.182,0.083,0.013,0.009,0.055,0.946,0.045,0.955,0.688,0.002,0.686,0.653,0.033,0.312,0.593,0,0.593,0.566,0.027,0.407,0.759,0.09,0.092,0.058,0.002,0.665,0.133,0.06,0.14,0.002,0.952,0.048,0.954,0.046,0.153,0.163,0.006,0.026,0.041,0.038,0.009,0.084,0.051,0.006,0.151,0.137,0.137,0.135,0.273,0.055,0.008,0.071,0.027,0.039,0.096,0.18,0.002,0.006,0.064,0.043
Iowa,0.5,0.031,0.033,0.034,0.021,0.051,0.063,0.064,0.059,0.066,0.048,0.021,0.008,0.5,0.03,0.031,0.033,0.02,0.048,0.061,0.06,0.058,0.066,0.051,0.027,0.015,0.079,0.33,0.311,0.189,0.058,0.02,0.015,0.065,0.283,0.339,0.211,0.078,0.013,0.011,0.044,0.956,0.037,0.963,0.712,0.002,0.711,0.682,0.029,0.288,0.627,0,0.627,0.603,0.024,0.373,0.716,0.108,0.124,0.049,0.002,0.627,0.17,0.073,0.128,0.002,0.96,0.04,0.962,0.038,0.17,0.16,0.007,0.019,0.039,0.037,0.009,0.089,0.049,0.018,0.156,0.113,0.134,0.146,0.281,0.057,0.007,0.067,0.027,0.049,0.096,0.176,0.005,0.005,0.05,0.034
Kansas,0.501,0.033,0.036,0.036,0.022,0.053,0.066,0.064,0.058,0.063,0.045,0.019,0.008,0.499,0.031,0.034,0.034,0.02,0.048,0.063,0.061,0.057,0.065,0.048,0.025,0.014,0.092,0.272,0.304,0.208,0.084,0.023,0.016,0.076,0.242,0.326,0.224,0.105,0.016,0.012,0.048,0.952,0.033,0.967,0.714,0.014,0.699,0.67,0.03,0.286,0.618,0.002,0.616,0.592,0.024,0.382,0.707,0.13,0.114,0.046,0.002,0.611,0.195,0.074,0.118,0.002,0.958,0.042,0.961,0.04,0.175,0.18,0.007,0.028,0.042,0.04,0.009,0.09,0.05,0.015,0.154,0.096,0.115,0.147,0.299,0.057,0.008,0.065,0.029,0.044,0.095,0.178,0.003,0.007,0.039,0.03
Kentucky,0.495,0.031,0.032,0.033,0.02,0.048,0.066,0.063,0.064,0.065,0.047,0.02,0.006,0.505,0.029,0.03,0.033,0.019,0.045,0.064,0.062,0.064,0.069,0.053,0.027,0.011,0.136,0.35,0.27,0.151,0.06,0.02,0.012,0.111,0.307,0.312,0.151,0.092,0.017,0.01,0.051,0.949,0.035,0.965,0.639,0.007,0.632,0.597,0.035,0.361,0.554,0.001,0.553,0.525,0.028,0.446,0.732,0.115,0.102,0.048,0.003,0.649,0.175,0.061,0.113,0.003,0.945,0.055,0.949,0.051,0.146,0.155,0.006,0.03,0.038,0.04,0.011,0.088,0.056,0.009,0.153,0.122,0.145,0.133,0.286,0.053,0.009,0.068,0.026,0.038,0.102,0.181,0.002,0.006,0.054,0.042
Louisiana,0.49,0.033,0.033,0.035,0.02,0.046,0.069,0.064,0.058,0.063,0.044,0.018,0.006,0.51,0.031,0.032,0.033,0.019,0.045,0.07,0.065,0.061,0.068,0.051,0.025,0.011,0.156,0.352,0.261,0.151,0.048,0.021,0.012,0.121,0.311,0.291,0.175,0.078,0.015,0.009,0.054,0.946,0.047,0.953,0.635,0.009,0.625,0.58,0.045,0.365,0.553,0.002,0.551,0.516,0.035,0.447,0.712,0.12,0.124,0.043,0.002,0.638,0.191,0.075,0.094,0.002,0.928,0.072,0.937,0.063,0.142,0.163,0.007,0.038,0.048,0.041,0.013,0.092,0.043,0.008,0.197,0.085,0.123,0.129,0.296,0.064,0.015,0.073,0.035,0.04,0.116,0.178,0.002,0.007,0.017,0.028
Maine,0.493,0.024,0.026,0.028,0.018,0.041,0.06,0.058,0.066,0.077,0.061,0.026,0.008,0.508,0.023,0.025,0.026,0.017,0.039,0.06,0.059,0.067,0.081,0.065,0.031,0.015,0.074,0.334,0.284,0.195,0.072,0.024,0.016,0.053,0.285,0.299,0.225,0.106,0.019,0.014,0.039,0.961,0.032,0.968,0.663,0.003,0.66,0.629,0.031,0.337,0.596,0,0.595,0.573,0.022,0.405,0.631,0.121,0.161,0.085,0.001,0.56,0.152,0.093,0.194,0.002,0.953,0.047,0.963,0.038,0.157,0.183,0.01,0.028,0.042,0.042,0.009,0.091,0.054,0.025,0.172,0.076,0.111,0.156,0.302,0.07,0.006,0.064,0.029,0.042,0.098,0.171,0.004,0.006,0.028,0.024
Maryland,0.487,0.03,0.031,0.033,0.02,0.044,0.067,0.064,0.065,0.065,0.043,0.019,0.006,0.513,0.029,0.03,0.031,0.019,0.043,0.068,0.067,0.069,0.071,0.05,0.025,0.012,0.102,0.255,0.24,0.217,0.12,0.036,0.032,0.084,0.225,0.265,0.223,0.152,0.028,0.023,0.036,0.964,0.025,0.975,0.719,0.011,0.707,0.67,0.038,0.281,0.635,0.003,0.632,0.599,0.034,0.365,0.628,0.198,0.104,0.07,0.002,0.554,0.241,0.068,0.135,0.002,0.947,0.053,0.947,0.054,0.19,0.254,0.009,0.041,0.04,0.037,0.013,0.08,0.054,0.003,0.144,0.038,0.098,0.194,0.327,0.047,0.015,0.049,0.028,0.042,0.084,0.165,0.001,0.005,0.016,0.026
Massachusetts,0.488,0.026,0.027,0.03,0.019,0.05,0.071,0.062,0.064,0.067,0.046,0.019,0.008,0.512,0.025,0.026,0.028,0.018,0.051,0.071,0.063,0.067,0.071,0.052,0.026,0.015,0.092,0.25,0.214,0.247,0.127,0.034,0.035,0.085,0.215,0.24,0.249,0.158,0.028,0.025,0.036,0.964,0.019,0.981,0.713,0.002,0.711,0.67,0.041,0.287,0.635,0,0.635,0.602,0.032,0.365,0.696,0.106,0.105,0.092,0.002,0.61,0.143,0.07,0.175,0.002,0.943,0.057,0.949,0.051,0.199,0.253,0.011,0.032,0.044,0.04,0.013,0.091,0.054,0.003,0.124,0.052,0.085,0.186,0.343,0.059,0.008,0.051,0.025,0.044,0.085,0.147,0.001,0.004,0.025,0.022
Michigan,0.495,0.029,0.03,0.032,0.02,0.048,0.066,0.059,0.064,0.069,0.05,0.021,0.007,0.505,0.027,0.029,0.031,0.019,0.046,0.064,0.059,0.064,0.072,0.055,0.027,0.013,0.091,0.297,0.312,0.182,0.081,0.022,0.015,0.077,0.273,0.337,0.19,0.097,0.015,0.01,0.047,0.954,0.033,0.967,0.659,0.001,0.658,0.615,0.043,0.341,0.574,0,0.574,0.54,0.034,0.426,0.752,0.086,0.102,0.058,0.002,0.666,0.132,0.064,0.136,0.002,0.935,0.065,0.941,0.059,0.156,0.196,0.009,0.025,0.046,0.041,0.01,0.088,0.049,0.007,0.136,0.123,0.115,0.146,0.271,0.065,0.008,0.07,0.029,0.04,0.098,0.178,0.003,0.006,0.053,0.035
Minnesota,0.501,0.031,0.034,0.034,0.02,0.045,0.068,0.067,0.062,0.067,0.046,0.02,0.008,0.499,0.03,0.032,0.033,0.019,0.043,0.065,0.064,0.06,0.067,0.049,0.024,0.013,0.069,0.255,0.315,0.237,0.081,0.026,0.017,0.06,0.223,0.327,0.254,0.103,0.02,0.014,0.04,0.96,0.027,0.973,0.727,0.002,0.726,0.694,0.032,0.273,0.656,0,0.656,0.632,0.024,0.344,0.715,0.099,0.112,0.072,0.002,0.616,0.15,0.069,0.164,0.001,0.956,0.044,0.964,0.036,0.186,0.201,0.012,0.02,0.039,0.038,0.01,0.097,0.055,0.01,0.135,0.093,0.106,0.17,0.308,0.065,0.006,0.059,0.024,0.042,0.089,0.16,0.003,0.005,0.04,0.028
Mississippi,0.487,0.032,0.032,0.037,0.021,0.049,0.063,0.061,0.059,0.062,0.045,0.02,0.005,0.513,0.03,0.032,0.034,0.02,0.048,0.065,0.064,0.063,0.068,0.052,0.026,0.011,0.165,0.323,0.306,0.13,0.048,0.018,0.012,0.125,0.275,0.345,0.153,0.08,0.013,0.01,0.062,0.938,0.045,0.955,0.609,0.01,0.6,0.56,0.04,0.391,0.541,0.002,0.539,0.501,0.038,0.459,0.705,0.142,0.113,0.038,0.003,0.633,0.226,0.061,0.077,0.003,0.933,0.067,0.93,0.07,0.126,0.144,0.005,0.037,0.043,0.043,0.012,0.086,0.043,0.011,0.181,0.112,0.156,0.115,0.295,0.056,0.011,0.069,0.032,0.038,0.112,0.175,0.002,0.006,0.054,0.034
Missouri,0.493,0.031,0.032,0.033,0.02,0.047,0.066,0.062,0.06,0.066,0.047,0.021,0.007,0.507,0.029,0.03,0.032,0.019,0.045,0.066,0.062,0.061,0.069,0.053,0.028,0.013,0.097,0.323,0.284,0.185,0.073,0.022,0.015,0.084,0.288,0.311,0.192,0.099,0.016,0.011,0.05,0.951,0.043,0.957,0.673,0.006,0.667,0.636,0.031,0.327,0.593,0.002,0.591,0.566,0.026,0.407,0.722,0.105,0.107,0.063,0.002,0.642,0.146,0.067,0.144,0.002,0.954,0.046,0.957,0.044,0.162,0.177,0.008,0.029,0.046,0.04,0.011,0.098,0.053,0.008,0.152,0.093,0.124,0.153,0.289,0.059,0.009,0.063,0.025,0.04,0.099,0.184,0.002,0.006,0.038,0.036
Montana,0.506,0.029,0.031,0.032,0.019,0.049,0.065,0.063,0.058,0.069,0.058,0.025,0.007,0.494,0.027,0.029,0.03,0.018,0.043,0.063,0.06,0.055,0.071,0.058,0.027,0.012,0.063,0.297,0.314,0.216,0.068,0.025,0.017,0.05,0.259,0.344,0.231,0.086,0.017,0.013,0.062,0.938,0.047,0.953,0.67,0.006,0.664,0.635,0.028,0.33,0.595,0.001,0.594,0.571,0.023,0.405,0.616,0.142,0.177,0.062,0.003,0.543,0.195,0.119,0.14,0.003,0.958,0.043,0.962,0.039,0.171,0.17,0.011,0.029,0.052,0.044,0.012,0.095,0.043,0.025,0.184,0.056,0.11,0.15,0.278,0.058,0.011,0.081,0.035,0.043,0.101,0.179,0.007,0.01,0.02,0.027
Nebraska,0.502,0.034,0.036,0.037,0.022,0.05,0.067,0.065,0.058,0.063,0.045,0.019,0.007,0.498,0.033,0.033,0.035,0.02,0.048,0.064,0.062,0.055,0.063,0.048,0.024,0.014,0.09,0.27,0.326,0.206,0.071,0.022,0.015,0.076,0.242,0.338,0.225,0.091,0.016,0.013,0.036,0.964,0.031,0.969,0.738,0.007,0.731,0.707,0.024,0.262,0.648,0.001,0.647,0.626,0.021,0.352,0.695,0.118,0.127,0.058,0.003,0.61,0.171,0.077,0.141,0.002,0.967,0.033,0.967,0.033,0.184,0.17,0.007,0.024,0.04,0.036,0.009,0.091,0.054,0.021,0.157,0.092,0.116,0.143,0.292,0.058,0.008,0.064,0.026,0.051,0.092,0.185,0.004,0.005,0.045,0.026
Nevada,0.504,0.03,0.032,0.034,0.02,0.042,0.074,0.069,0.066,0.063,0.048,0.021,0.006,0.496,0.029,0.03,0.033,0.019,0.04,0.071,0.066,0.063,0.062,0.051,0.023,0.008,0.132,0.285,0.327,0.167,0.058,0.021,0.011,0.128,0.27,0.337,0.173,0.069,0.014,0.009,0.056,0.944,0.047,0.953,0.682,0.007,0.675,0.628,0.048,0.318,0.586,0.002,0.584,0.542,0.042,0.414,0.769,0.103,0.099,0.027,0.002,0.72,0.149,0.079,0.051,0.002,0.929,0.071,0.929,0.072,0.135,0.149,0.008,0.045,0.088,0.05,0.036,0.092,0.062,0.003,0.16,0.049,0.124,0.136,0.218,0.043,0.014,0.091,0.058,0.061,0.124,0.183,0.001,0.008,0.025,0.039
New Hampshire,0.498,0.024,0.027,0.029,0.018,0.047,0.065,0.059,0.068,0.078,0.055,0.022,0.008,0.502,0.023,0.024,0.029,0.018,0.045,0.061,0.058,0.068,0.08,0.058,0.027,0.013,0.073,0.292,0.265,0.231,0.098,0.023,0.019,0.055,0.255,0.296,0.236,0.127,0.018,0.013,0.031,0.969,0.025,0.975,0.715,0.004,0.711,0.682,0.029,0.286,0.631,0.001,0.631,0.609,0.021,0.369,0.702,0.108,0.117,0.072,0.002,0.61,0.156,0.069,0.163,0.003,0.959,0.041,0.966,0.034,0.174,0.212,0.006,0.026,0.046,0.037,0.01,0.105,0.049,0.005,0.157,0.083,0.089,0.169,0.301,0.054,0.006,0.062,0.025,0.041,0.103,0.169,0.002,0.005,0.039,0.025
New Jersey,0.492,0.029,0.031,0.032,0.02,0.043,0.065,0.065,0.068,0.067,0.044,0.02,0.007,0.508,0.028,0.029,0.032,0.019,0.041,0.063,0.065,0.069,0.071,0.05,0.027,0.014,0.099,0.268,0.222,0.247,0.112,0.033,0.02,0.092,0.261,0.229,0.255,0.126,0.023,0.014,0.029,0.971,0.02,0.98,0.713,0.003,0.711,0.667,0.044,0.287,0.609,0.001,0.608,0.57,0.038,0.391,0.726,0.117,0.105,0.05,0.001,0.673,0.164,0.064,0.097,0.002,0.938,0.062,0.937,0.063,0.205,0.214,0.008,0.037,0.038,0.036,0.013,0.1,0.057,0.002,0.127,0.049,0.114,0.172,0.315,0.051,0.01,0.044,0.027,0.043,0.097,0.175,0.001,0.004,0.026,0.035
New Mexico,0.497,0.029,0.032,0.035,0.02,0.048,0.069,0.063,0.057,0.063,0.051,0.023,0.008,0.503,0.028,0.031,0.034,0.02,0.045,0.064,0.061,0.058,0.068,0.056,0.026,0.012,0.141,0.279,0.309,0.149,0.077,0.021,0.024,0.124,0.242,0.335,0.167,0.101,0.017,0.014,0.067,0.933,0.058,0.942,0.613,0.012,0.601,0.56,0.041,0.387,0.534,0.002,0.532,0.498,0.034,0.466,0.626,0.202,0.112,0.057,0.002,0.561,0.255,0.08,0.102,0.002,0.932,0.068,0.936,0.064,0.14,0.2,0.016,0.041,0.051,0.045,0.015,0.089,0.053,0.014,0.182,0.049,0.105,0.14,0.296,0.076,0.012,0.066,0.034,0.037,0.104,0.183,0.003,0.006,0.018,0.026
New York,0.488,0.029,0.029,0.031,0.018,0.045,0.072,0.063,0.063,0.065,0.045,0.02,0.008,0.512,0.028,0.028,0.029,0.018,0.045,0.072,0.064,0.066,0.069,0.051,0.027,0.015,0.13,0.263,0.24,0.213,0.1,0.035,0.019,0.122,0.243,0.242,0.212,0.141,0.027,0.014,0.037,0.963,0.029,0.971,0.674,0.003,0.672,0.627,0.044,0.326,0.59,0,0.589,0.555,0.035,0.41,0.665,0.14,0.116,0.078,0.002,0.598,0.181,0.074,0.146,0.002,0.934,0.066,0.941,0.059,0.174,0.216,0.014,0.044,0.052,0.045,0.018,0.094,0.061,0.003,0.127,0.047,0.105,0.157,0.325,0.082,0.014,0.045,0.03,0.045,0.091,0.165,0.001,0.004,0.02,0.021
North Carolina,0.489,0.029,0.031,0.034,0.02,0.049,0.066,0.062,0.065,0.063,0.046,0.02,0.006,0.511,0.028,0.03,0.032,0.019,0.046,0.067,0.064,0.067,0.068,0.053,0.026,0.011,0.125,0.269,0.29,0.201,0.076,0.022,0.016,0.095,0.237,0.324,0.217,0.098,0.016,0.012,0.047,0.953,0.033,0.967,0.678,0.023,0.655,0.621,0.035,0.322,0.578,0.002,0.576,0.545,0.031,0.422,0.722,0.112,0.115,0.05,0.002,0.658,0.169,0.075,0.097,0.002,0.947,0.053,0.946,0.054,0.172,0.181,0.007,0.028,0.045,0.044,0.011,0.097,0.049,0.008,0.157,0.086,0.115,0.158,0.29,0.054,0.009,0.065,0.028,0.038,0.109,0.16,0.002,0.008,0.048,0.032
North Dakota,0.514,0.036,0.035,0.034,0.018,0.058,0.08,0.065,0.054,0.063,0.044,0.019,0.008,0.487,0.033,0.033,0.032,0.018,0.052,0.068,0.057,0.051,0.06,0.044,0.024,0.014,0.073,0.282,0.363,0.204,0.051,0.016,0.011,0.061,0.238,0.36,0.241,0.077,0.012,0.011,0.053,0.948,0.035,0.965,0.743,0.019,0.724,0.698,0.026,0.257,0.65,0.005,0.645,0.628,0.017,0.35,0.655,0.136,0.141,0.065,0.003,0.567,0.196,0.076,0.158,0.003,0.965,0.036,0.973,0.027,0.19,0.148,0.011,0.022,0.043,0.04,0.01,0.091,0.047,0.025,0.184,0.071,0.119,0.142,0.305,0.067,0.008,0.066,0.033,0.055,0.089,0.173,0.005,0.005,0.024,0.027
Ohio,0.493,0.03,0.031,0.033,0.02,0.046,0.066,0.061,0.063,0.067,0.048,0.021,0.007,0.507,0.029,0.029,0.032,0.019,0.044,0.065,0.061,0.063,0.07,0.054,0.027,0.014,0.094,0.342,0.274,0.181,0.073,0.022,0.014,0.083,0.312,0.301,0.186,0.094,0.015,0.01,0.048,0.952,0.039,0.961,0.676,0.002,0.674,0.637,0.037,0.324,0.592,0.001,0.591,0.562,0.03,0.408,0.736,0.106,0.097,0.06,0.002,0.658,0.144,0.059,0.138,0.002,0.945,0.055,0.95,0.05,0.163,0.179,0.008,0.029,0.045,0.041,0.01,0.09,0.056,0.004,0.132,0.113,0.131,0.147,0.283,0.061,0.008,0.07,0.025,0.037,0.096,0.179,0.002,0.006,0.048,0.04
Oklahoma,0.498,0.033,0.035,0.036,0.021,0.05,0.069,0.065,0.059,0.061,0.044,0.021,0.006,0.502,0.031,0.033,0.035,0.02,0.046,0.067,0.063,0.058,0.064,0.049,0.026,0.011,0.122,0.324,0.296,0.167,0.059,0.019,0.013,0.104,0.293,0.325,0.183,0.074,0.012,0.009,0.058,0.942,0.041,0.959,0.667,0.011,0.655,0.622,0.034,0.333,0.564,0.002,0.562,0.535,0.027,0.436,0.687,0.145,0.121,0.044,0.003,0.62,0.201,0.082,0.095,0.003,0.948,0.052,0.951,0.049,0.15,0.165,0.007,0.03,0.042,0.041,0.012,0.091,0.05,0.01,0.188,0.095,0.12,0.143,0.275,0.056,0.009,0.073,0.032,0.045,0.104,0.191,0.003,0.008,0.03,0.031
Oregon,0.498,0.027,0.03,0.031,0.019,0.044,0.072,0.07,0.062,0.063,0.052,0.022,0.008,0.502,0.026,0.028,0.03,0.018,0.042,0.069,0.067,0.061,0.066,0.057,0.026,0.012,0.094,0.234,0.331,0.212,0.082,0.026,0.021,0.076,0.216,0.349,0.222,0.103,0.02,0.015,0.052,0.948,0.036,0.964,0.669,0.002,0.667,0.629,0.038,0.331,0.585,0,0.584,0.552,0.032,0.415,0.703,0.111,0.122,0.062,0.002,0.586,0.171,0.104,0.136,0.002,0.943,0.058,0.945,0.055,0.172,0.207,0.013,0.024,0.05,0.038,0.009,0.093,0.058,0.024,0.133,0.075,0.104,0.159,0.285,0.072,0.008,0.071,0.027,0.042,0.094,0.17,0.006,0.007,0.029,0.032
Pennsylvania,0.493,0.028,0.029,0.031,0.019,0.045,0.067,0.061,0.064,0.07,0.05,0.022,0.009,0.507,0.026,0.028,0.029,0.018,0.044,0.065,0.06,0.064,0.072,0.056,0.029,0.016,0.092,0.348,0.236,0.199,0.081,0.025,0.019,0.081,0.329,0.252,0.199,0.107,0.018,0.014,0.05,0.95,0.038,0.962,0.674,0.001,0.672,0.634,0.039,0.326,0.589,0,0.588,0.557,0.031,0.412,0.719,0.099,0.103,0.078,0.002,0.65,0.121,0.056,0.171,0.002,0.943,0.057,0.947,0.053,0.17,0.195,0.011,0.03,0.043,0.039,0.012,0.09,0.053,0.006,0.141,0.084,0.128,0.149,0.302,0.067,0.01,0.062,0.025,0.04,0.096,0.176,0.002,0.005,0.032,0.035
Rhode Island,0.489,0.026,0.026,0.029,0.018,0.051,0.071,0.06,0.063,0.069,0.048,0.021,0.008,0.511,0.025,0.026,0.027,0.017,0.052,0.068,0.06,0.066,0.073,0.053,0.028,0.015,0.114,0.295,0.246,0.207,0.09,0.028,0.02,0.105,0.264,0.271,0.212,0.112,0.02,0.017,0.024,0.976,0.019,0.982,0.696,0.008,0.688,0.644,0.044,0.304,0.614,0.002,0.612,0.578,0.035,0.386,0.694,0.121,0.103,0.08,0.002,0.639,0.141,0.06,0.159,0.002,0.936,0.064,0.944,0.056,0.16,0.208,0.009,0.035,0.052,0.049,0.013,0.1,0.058,0.003,0.138,0.076,0.098,0.151,0.3,0.067,0.012,0.067,0.022,0.041,0.099,0.178,0.001,0.003,0.033,0.028
South Carolina,0.487,0.029,0.031,0.033,0.019,0.047,0.064,0.06,0.061,0.064,0.051,0.022,0.006,0.513,0.027,0.03,0.031,0.019,0.044,0.066,0.063,0.065,0.071,0.059,0.028,0.011,0.126,0.301,0.284,0.186,0.068,0.021,0.015,0.1,0.275,0.319,0.187,0.096,0.014,0.01,0.051,0.949,0.032,0.968,0.652,0.015,0.638,0.604,0.034,0.348,0.562,0.003,0.558,0.528,0.03,0.439,0.723,0.116,0.116,0.043,0.003,0.654,0.186,0.071,0.088,0.002,0.947,0.053,0.946,0.054,0.152,0.167,0.006,0.031,0.052,0.049,0.012,0.094,0.047,0.006,0.163,0.104,0.118,0.136,0.28,0.051,0.01,0.067,0.031,0.037,0.115,0.176,0.002,0.009,0.053,0.034
South Dakota,0.506,0.034,0.036,0.036,0.021,0.048,0.068,0.063,0.056,0.067,0.05,0.021,0.007,0.494,0.033,0.035,0.034,0.019,0.046,0.061,0.058,0.053,0.066,0.05,0.025,0.014,0.082,0.325,0.31,0.193,0.056,0.022,0.013,0.067,0.277,0.339,0.218,0.075,0.014,0.01,0.052,0.948,0.044,0.956,0.718,0.008,0.71,0.684,0.026,0.282,0.64,0.001,0.639,0.622,0.017,0.361,0.643,0.131,0.158,0.065,0.003,0.579,0.176,0.08,0.162,0.003,0.963,0.037,0.973,0.027,0.188,0.15,0.007,0.025,0.046,0.04,0.01,0.096,0.043,0.028,0.162,0.089,0.117,0.137,0.284,0.057,0.009,0.068,0.034,0.047,0.096,0.193,0.006,0.007,0.039,0.026
Tennessee,0.49,0.03,0.031,0.033,0.02,0.046,0.068,0.062,0.064,0.064,0.047,0.021,0.006,0.51,0.029,0.029,0.032,0.019,0.044,0.069,0.064,0.065,0.068,0.053,0.027,0.011,0.124,0.331,0.266,0.179,0.064,0.021,0.016,0.102,0.301,0.297,0.186,0.086,0.016,0.012,0.039,0.961,0.03,0.97,0.666,0.006,0.66,0.626,0.034,0.334,0.572,0.001,0.571,0.54,0.031,0.428,0.718,0.11,0.117,0.053,0.002,0.669,0.159,0.069,0.101,0.002,0.949,0.052,0.945,0.055,0.155,0.171,0.007,0.031,0.045,0.043,0.01,0.094,0.055,0.006,0.152,0.101,0.133,0.143,0.276,0.05,0.01,0.068,0.028,0.037,0.105,0.181,0.002,0.007,0.053,0.041
Texas,0.499,0.035,0.036,0.039,0.022,0.05,0.074,0.07,0.062,0.056,0.036,0.015,0.005,0.501,0.033,0.035,0.037,0.022,0.047,0.071,0.068,0.062,0.058,0.041,0.02,0.008,0.159,0.253,0.28,0.197,0.076,0.021,0.015,0.145,0.238,0.296,0.21,0.087,0.015,0.01,0.05,0.95,0.037,0.964,0.717,0.008,0.71,0.672,0.037,0.283,0.586,0.002,0.584,0.552,0.032,0.414,0.737,0.105,0.119,0.038,0.002,0.664,0.172,0.081,0.081,0.002,0.948,0.053,0.945,0.055,0.167,0.179,0.008,0.031,0.045,0.037,0.011,0.097,0.055,0.006,0.179,0.069,0.118,0.158,0.273,0.056,0.012,0.065,0.037,0.041,0.111,0.179,0.001,0.007,0.027,0.034
Utah,0.506,0.039,0.042,0.044,0.026,0.057,0.074,0.071,0.053,0.047,0.033,0.014,0.005,0.494,0.037,0.04,0.041,0.024,0.055,0.071,0.068,0.051,0.048,0.035,0.017,0.007,0.074,0.221,0.331,0.232,0.097,0.025,0.02,0.064,0.232,0.369,0.237,0.076,0.012,0.009,0.049,0.951,0.03,0.971,0.765,0.004,0.761,0.735,0.026,0.235,0.618,0.001,0.617,0.595,0.022,0.383,0.72,0.123,0.104,0.052,0.001,0.647,0.178,0.081,0.092,0.003,0.965,0.035,0.964,0.036,0.187,0.209,0.008,0.022,0.035,0.036,0.009,0.099,0.067,0.004,0.15,0.074,0.1,0.143,0.271,0.046,0.008,0.06,0.03,0.048,0.099,0.212,0.002,0.006,0.042,0.033
Vermont,0.496,0.024,0.027,0.028,0.018,0.055,0.059,0.057,0.063,0.075,0.059,0.024,0.008,0.504,0.022,0.024,0.027,0.017,0.052,0.058,0.059,0.064,0.078,0.062,0.029,0.014,0.077,0.313,0.239,0.228,0.091,0.028,0.023,0.047,0.249,0.261,0.255,0.146,0.024,0.019,0.037,0.963,0.034,0.966,0.674,0.003,0.671,0.64,0.031,0.326,0.628,0,0.628,0.608,0.02,0.372,0.62,0.115,0.158,0.106,0.002,0.497,0.181,0.104,0.217,0.002,0.954,0.046,0.968,0.032,0.168,0.21,0.013,0.019,0.047,0.044,0.014,0.084,0.049,0.02,0.167,0.082,0.083,0.163,0.342,0.047,0.007,0.062,0.034,0.038,0.087,0.154,0.007,0.008,0.036,0.017
Virginia,0.495,0.03,0.031,0.033,0.019,0.049,0.069,0.066,0.065,0.064,0.044,0.019,0.006,0.505,0.029,0.029,0.031,0.019,0.046,0.068,0.066,0.066,0.067,0.05,0.025,0.011,0.099,0.252,0.252,0.22,0.125,0.031,0.023,0.085,0.226,0.28,0.235,0.134,0.023,0.016,0.027,0.973,0.021,0.979,0.709,0.032,0.677,0.646,0.031,0.291,0.612,0.007,0.605,0.578,0.028,0.388,0.661,0.184,0.096,0.057,0.002,0.595,0.221,0.071,0.112,0.002,0.954,0.046,0.954,0.046,0.197,0.235,0.007,0.039,0.042,0.037,0.012,0.086,0.049,0.005,0.139,0.056,0.097,0.186,0.311,0.048,0.014,0.057,0.028,0.043,0.094,0.159,0.001,0.007,0.025,0.028
Washington,0.503,0.03,0.032,0.032,0.019,0.045,0.078,0.07,0.063,0.063,0.046,0.019,0.006,0.497,0.029,0.03,0.031,0.018,0.042,0.073,0.067,0.061,0.064,0.05,0.023,0.011,0.086,0.229,0.317,0.228,0.097,0.025,0.019,0.075,0.207,0.34,0.234,0.11,0.021,0.014,0.048,0.952,0.034,0.966,0.701,0.016,0.685,0.65,0.035,0.299,0.592,0.003,0.59,0.56,0.03,0.408,0.71,0.132,0.104,0.053,0.002,0.603,0.185,0.089,0.121,0.002,0.949,0.051,0.95,0.05,0.179,0.23,0.011,0.026,0.044,0.035,0.009,0.084,0.05,0.02,0.141,0.064,0.107,0.173,0.293,0.063,0.009,0.061,0.025,0.044,0.096,0.16,0.009,0.007,0.025,0.035
West Virginia,0.498,0.027,0.029,0.031,0.019,0.045,0.06,0.061,0.065,0.07,0.058,0.026,0.007,0.502,0.025,0.027,0.029,0.018,0.042,0.057,0.06,0.064,0.073,0.063,0.031,0.014,0.131,0.426,0.241,0.124,0.049,0.017,0.012,0.109,0.377,0.282,0.136,0.078,0.011,0.008,0.037,0.963,0.034,0.966,0.574,0.003,0.571,0.532,0.04,0.426,0.494,0,0.493,0.465,0.028,0.507,0.707,0.163,0.075,0.054,0.001,0.607,0.225,0.056,0.11,0.002,0.93,0.07,0.943,0.057,0.119,0.16,0.012,0.038,0.042,0.044,0.012,0.091,0.052,0.005,0.193,0.09,0.142,0.117,0.303,0.077,0.008,0.077,0.033,0.038,0.11,0.179,0.001,0.006,0.02,0.032
Wisconsin,0.5,0.029,0.031,0.033,0.02,0.048,0.064,0.063,0.063,0.071,0.05,0.021,0.007,0.5,0.027,0.03,0.031,0.019,0.046,0.061,0.061,0.062,0.071,0.052,0.026,0.014,0.08,0.318,0.307,0.195,0.065,0.021,0.015,0.062,0.283,0.321,0.219,0.089,0.014,0.011,0.039,0.962,0.027,0.973,0.696,0.001,0.695,0.668,0.027,0.304,0.626,0,0.626,0.607,0.02,0.374,0.745,0.099,0.102,0.052,0.002,0.647,0.15,0.063,0.138,0.002,0.962,0.038,0.969,0.031,0.161,0.172,0.009,0.024,0.041,0.038,0.008,0.086,0.048,0.012,0.143,0.133,0.124,0.149,0.282,0.069,0.007,0.062,0.025,0.039,0.091,0.177,0.004,0.005,0.055,0.035
Wyoming,0.512,0.031,0.034,0.035,0.021,0.048,0.069,0.067,0.058,0.068,0.053,0.022,0.007,0.488,0.029,0.032,0.034,0.019,0.042,0.063,0.063,0.055,0.067,0.052,0.024,0.011,0.067,0.314,0.348,0.165,0.072,0.019,0.014,0.058,0.254,0.388,0.193,0.087,0.012,0.009,0.044,0.956,0.031,0.969,0.71,0.012,0.698,0.664,0.034,0.29,0.604,0.003,0.601,0.581,0.021,0.396,0.658,0.174,0.122,0.042,0.003,0.531,0.254,0.104,0.107,0.004,0.952,0.048,0.966,0.034,0.154,0.167,0.004,0.025,0.047,0.039,0.013,0.073,0.036,0.018,0.237,0.068,0.119,0.138,0.286,0.061,0.01,0.072,0.039,0.044,0.091,0.189,0.005,0.011,0.019,0.035
