Statistics,Alabama,AL_pct,Alaska,AK_pct,Arizona,AZ_pct,Arkansas,AR_pct,California,CA_pct,Colorado,CO_pct,Connecticut,CT_pct,Delaware,DE_pct,District of Columbia,DC_pct,Florida,FL_pct,Georgia,GA_pct,Hawaii,HI_pct,Idaho,ID_pct,Illinois,IL_pct,Indiana,IN_pct,Iowa,IA_pct,Kansas,KS_pct,Kentucky,KY_pct,Louisiana,LA_pct,Maine,ME_pct,Maryland,MD_pct,Massachusetts,MA_pct,Michigan,MI_pct,Minnesota,MN_pct,Mississippi,MS_pct,Missouri,MO_pct,Montana,MT_pct,Nebraska,NE_pct,Nevada,NV_pct,New Hampshire,NH_pct,New Jersey,NJ_pct,New Mexico,NM_pct,New York,NY_pct,North Carolina,NC_pct,North Dakota,ND_pct,Ohio,OH_pct,Oklahoma,OK_pct,Oregon,OR_pct,Pennsylvania,PA_pct,Rhode Island,RI_pct,South Carolina,SC_pct,South Dakota,SD_pct,Tennessee,TN_pct,Texas,TX_pct,Utah,UT_pct,Vermont,VT_pct,Virginia,VA_pct,Washington,WA_pct,West Virginia,WV_pct,Wisconsin,WI_pct,Wyoming,WY_pct,TOTAL (All Selected States),Total_pct
Total Population,4997675,,735951,,7079203,,3006309,,39455353,,5723176,,3605330,,981892,,683154,,21339762,,10625615,,1453498,,1811617,,12821813,,6751340,,3179090,,2932099,,4494141,,4657305,,1357046,,6148545,,6991852,,10062512,,5670472,,2967023,,6141534,,1077978,,1951480,,3059238,,1372175,,9234024,,2109366,,20114745,,10367022,,773344,,11769923,,3948136,,4207177,,12970650,,1091949,,5078903,,881785,,6859497,,28862581,,3231370,,641637,,8582479,,7617364,,1801049,,5871661,,576641,,329725481,
MalePop,2429703,0.486,384749,0.523,3533895,0.499,1483520,0.494,19714044,0.5,2895936,0.506,1768860,0.491,477219,0.486,325490,0.477,10489548,0.492,5191616,0.489,732172,0.504,912529,0.504,6332176,0.494,3344360,0.495,1590001,0.5,1468152,0.501,2223783,0.495,2283561,0.49,668308,0.493,2995146,0.487,3413174,0.488,4983325,0.495,2839135,0.501,1444255,0.487,3027741,0.493,545671,0.506,978863,0.502,1541789,0.504,683846,0.498,4539311,0.492,1048448,0.497,9821711,0.488,5067666,0.489,397093,0.514,5800004,0.493,1964927,0.498,2096429,0.498,6394217,0.493,534283,0.489,2474059,0.487,446461,0.506,3362099,0.49,14398171,0.499,1633843,0.506,318533,0.496,4245281,0.495,3831964,0.503,896723,0.498,2937621,0.5,295204,0.512,163206615,0.495
FemalePop,2567972,0.514,351202,0.477,3545308,0.501,1522789,0.507,19741309,0.5,2827240,0.494,1836470,0.509,504673,0.514,357664,0.524,10850214,0.509,5433999,0.511,721326,0.496,899088,0.496,6489637,0.506,3406980,0.505,1589089,0.5,1463947,0.499,2270358,0.505,2373744,0.51,688738,0.508,3153399,0.513,3578678,0.512,5079187,0.505,2831337,0.499,1522768,0.513,3113793,0.507,532307,0.494,972617,0.498,1517449,0.496,688329,0.502,4694713,0.508,1060918,0.503,10293034,0.512,5299356,0.511,376251,0.487,5969919,0.507,1983209,0.502,2110748,0.502,6576433,0.507,557666,0.511,2604844,0.513,435324,0.494,3497398,0.51,14464410,0.501,1597527,0.494,323104,0.504,4337198,0.505,3785400,0.497,904326,0.502,2934040,0.5,281437,0.488,166518866,0.505
Total Employed Civilian Population 16 Years and Over,2173597,,338664,,3210791,,1310863,,18676721,,2975830,,1822995,,464457,,373967,,9824911,,4983753,,680301,,847426,,6273473,,3250923,,1620796,,1450216,,2009185,,2013907,,681187,,3120977,,3667019,,4692409,,2980477,,1240790,,2945966,,526641,,1011989,,1429447,,738506,,4588902,,889428,,9663517,,4845768,,403612,,5656463,,1786742,,2026107,,6295594,,552707,,2313378,,448357,,3201140,,13618630,,1590143,,335239,,4219781,,3701656,,736088,,3014612,,284934,,157510982,
Management_Business_and Financial Operations  Occupations,299483,0.138,50185,0.148,520498,0.162,179032,0.137,3130501,0.168,576111,0.194,341431,0.187,76894,0.166,108895,0.291,1585353,0.161,832782,0.167,98313,0.145,127925,0.151,1082773,0.173,469829,0.145,257049,0.159,234371,0.162,280806,0.14,273507,0.136,106616,0.157,598810,0.192,706586,0.193,710336,0.151,531688,0.178,149594,0.121,463345,0.157,84813,0.161,166790,0.165,193698,0.136,126718,0.172,867841,0.189,124482,0.14,1605431,0.166,799397,0.165,67671,0.168,877584,0.155,262368,0.147,335741,0.166,1007647,0.16,86054,0.156,333908,0.144,73289,0.164,476871,0.149,2220551,0.163,266406,0.168,55447,0.165,809328,0.192,651733,0.176,86753,0.118,467743,0.155,41839,0.147,25882816,0.164
Professional and Related Occupations,485609,0.223,80209,0.237,719677,0.224,282366,0.215,4545061,0.243,755583,0.254,480540,0.264,114813,0.247,143871,0.385,2081233,0.212,1130593,0.227,151015,0.222,181660,0.214,1472420,0.235,699309,0.215,352131,0.217,342311,0.236,437271,0.218,457984,0.227,164028,0.241,904118,0.29,1089638,0.297,1087115,0.232,751734,0.252,271204,0.219,680830,0.231,116175,0.221,230139,0.227,259022,0.181,187998,0.255,1202332,0.262,218830,0.246,2599290,0.269,1133249,0.234,88925,0.22,1295308,0.229,386830,0.217,494830,0.244,1550626,0.246,139930,0.253,513031,0.222,95547,0.213,707355,0.221,3024818,0.222,376103,0.237,92372,0.276,1144886,0.271,958986,0.259,167453,0.228,677381,0.225,62925,0.221,37586664,0.239
Healthcare Support Occupations,59108,0.027,11297,0.033,100174,0.031,41812,0.032,678671,0.036,80363,0.027,65769,0.036,14763,0.032,5263,0.014,290718,0.03,118973,0.024,19125,0.028,28638,0.034,200900,0.032,95728,0.029,49644,0.031,44726,0.031,57868,0.029,70141,0.035,26918,0.04,86100,0.028,125966,0.034,166561,0.036,112595,0.038,37538,0.03,95683,0.033,17386,0.033,31513,0.031,34065,0.024,21474,0.029,129441,0.028,39535,0.044,451363,0.047,142064,0.029,14860,0.037,190005,0.034,53351,0.03,83003,0.041,239074,0.038,20604,0.037,63949,0.028,13656,0.031,88669,0.028,400634,0.029,39916,0.025,9868,0.029,111325,0.026,129798,0.035,31537,0.043,113471,0.038,8601,0.03,5164204,0.033
Protective Service Occupations,48291,0.022,9568,0.028,79602,0.025,25703,0.02,388197,0.021,60863,0.021,34316,0.019,12285,0.027,9118,0.024,235724,0.024,108981,0.022,22068,0.032,14309,0.017,139808,0.022,56278,0.017,22083,0.014,26568,0.018,39777,0.02,53956,0.027,11664,0.017,88877,0.029,74931,0.02,78112,0.017,38623,0.013,30120,0.024,56211,0.019,10632,0.02,16558,0.016,44300,0.031,12142,0.016,111087,0.024,23971,0.027,281492,0.029,91924,0.019,6306,0.016,107767,0.019,35507,0.02,32446,0.016,127086,0.02,13239,0.024,48136,0.021,7876,0.018,66242,0.021,298775,0.022,25578,0.016,4342,0.013,114148,0.027,67243,0.018,17586,0.024,48060,0.016,5190,0.018,3383666,0.022
Food Preparation and Serving Related Occupations,112534,0.052,17336,0.051,183292,0.057,71291,0.054,1011808,0.054,159385,0.054,86199,0.047,22722,0.049,16210,0.043,612680,0.062,261220,0.052,53514,0.079,48198,0.057,324587,0.052,178263,0.055,85058,0.053,76008,0.052,105288,0.052,120954,0.06,35606,0.052,138289,0.044,175231,0.048,269404,0.057,145260,0.049,69443,0.056,158709,0.054,34646,0.066,51507,0.051,127740,0.089,39467,0.053,187699,0.041,51642,0.058,472775,0.049,264564,0.055,21707,0.054,320022,0.057,101444,0.057,121738,0.06,325074,0.052,32701,0.059,136610,0.059,25239,0.056,179765,0.056,735003,0.054,73229,0.046,18262,0.055,205904,0.049,193259,0.052,43049,0.059,154345,0.051,16504,0.058,8472384,0.054
Building and Grounds Cleaning and Maintenance  Occupations,78164,0.036,12337,0.036,130921,0.041,49027,0.037,715376,0.038,90737,0.031,66499,0.037,17724,0.038,9255,0.025,447124,0.046,176805,0.036,36390,0.054,30489,0.036,205592,0.033,107577,0.033,51598,0.032,49959,0.034,66801,0.033,76704,0.038,24487,0.036,102502,0.033,117990,0.032,163898,0.035,92098,0.031,46680,0.038,95932,0.033,20885,0.04,31613,0.031,76386,0.053,23024,0.031,145438,0.032,35238,0.04,360726,0.037,174819,0.036,14856,0.037,188482,0.033,65555,0.037,65725,0.032,202446,0.032,19964,0.036,92653,0.04,16583,0.037,114423,0.036,497544,0.037,52722,0.033,13069,0.039,137792,0.033,112032,0.03,28545,0.039,94390,0.031,11035,0.039,5658611,0.036
Personal Care and Service Occupations,50659,0.023,10157,0.03,84259,0.026,28933,0.022,517132,0.028,79458,0.027,57422,0.032,12359,0.027,8668,0.023,282120,0.029,118456,0.024,21777,0.032,20711,0.024,168081,0.027,76118,0.023,44964,0.028,37359,0.026,48191,0.024,51791,0.026,17200,0.025,84662,0.027,103553,0.028,114423,0.024,75152,0.025,30821,0.025,73763,0.025,13994,0.027,28840,0.029,67184,0.047,18569,0.025,126078,0.028,22596,0.025,300976,0.031,117346,0.024,12409,0.031,128225,0.023,49389,0.028,49719,0.025,157211,0.025,14740,0.027,55660,0.024,12244,0.027,72553,0.023,330600,0.024,41818,0.026,8713,0.026,113193,0.027,93237,0.025,17795,0.024,68796,0.023,7656,0.027,4147730,0.026
Sales and Related Occupations,222877,0.103,26346,0.078,341291,0.106,130380,0.1,1807287,0.097,297593,0.1,180145,0.099,43911,0.095,20489,0.055,1151265,0.117,516750,0.104,70547,0.104,83071,0.098,613363,0.098,291199,0.09,149897,0.093,133611,0.092,189905,0.095,209060,0.104,64303,0.094,256298,0.082,323833,0.088,434950,0.093,277556,0.093,123004,0.099,290018,0.098,51570,0.098,92713,0.092,152521,0.107,76817,0.104,452673,0.099,85053,0.096,895297,0.093,498520,0.103,36379,0.09,524880,0.093,173726,0.097,189200,0.093,583694,0.093,54911,0.099,241593,0.104,43048,0.096,316492,0.099,1411135,0.104,157185,0.099,28747,0.086,378185,0.09,332624,0.09,73413,0.1,266022,0.088,23102,0.081,15388449,0.098
Office and Administrative Support Occupations,235111,0.108,41791,0.123,411891,0.128,143238,0.109,2004825,0.107,311774,0.105,189064,0.104,54312,0.117,30414,0.081,1191217,0.121,558220,0.112,82395,0.121,97527,0.115,696766,0.111,364140,0.112,176267,0.109,160349,0.111,232685,0.116,219333,0.109,75829,0.111,337878,0.108,364375,0.099,516804,0.11,313554,0.105,133748,0.108,341876,0.116,56154,0.107,117359,0.116,168275,0.118,78132,0.106,518220,0.113,102191,0.115,1079230,0.112,496885,0.103,42301,0.105,650771,0.115,207738,0.116,224246,0.111,704529,0.112,64291,0.116,253419,0.11,50847,0.113,368152,0.115,1516782,0.111,208978,0.131,33950,0.101,429388,0.102,372887,0.101,82613,0.112,330715,0.11,30159,0.106,17473595,0.111
Farming_Fishing_and Forestry Occupations,9623,0.004,3615,0.011,17123,0.005,12751,0.01,266145,0.014,15770,0.005,2983,0.002,2272,0.005,117,0,47119,0.005,22929,0.005,5267,0.008,18569,0.022,19157,0.003,12077,0.004,18807,0.012,13368,0.009,11652,0.006,10350,0.005,10071,0.015,6010,0.002,7647,0.002,22798,0.005,19888,0.007,8063,0.007,15131,0.005,8529,0.016,13359,0.013,2662,0.002,2724,0.004,6921,0.002,8045,0.009,22566,0.002,25431,0.005,6472,0.016,16584,0.003,11321,0.006,31277,0.015,25386,0.004,1039,0.002,9062,0.004,7873,0.018,12590,0.004,54073,0.004,5102,0.003,4438,0.013,14146,0.003,54852,0.015,2399,0.003,25574,0.009,3493,0.012,975220,0.006
Construction_Extraction_and Maintenance  Occupations,198293,0.091,34762,0.103,272034,0.085,120433,0.092,1388387,0.074,249689,0.084,129279,0.071,38322,0.083,8736,0.023,864323,0.088,407832,0.082,57414,0.084,84097,0.099,431363,0.069,268166,0.083,137187,0.085,123082,0.085,166512,0.083,211143,0.105,62028,0.091,237349,0.076,238221,0.065,346833,0.074,216650,0.073,118194,0.095,239488,0.081,53960,0.103,86327,0.085,128569,0.09,62480,0.085,314925,0.069,87504,0.098,649225,0.067,412279,0.085,40963,0.102,403649,0.071,184674,0.103,148555,0.073,474759,0.075,39774,0.072,204090,0.088,39835,0.089,264241,0.083,1375441,0.101,136628,0.086,29540,0.088,316525,0.075,291679,0.079,77141,0.105,233150,0.077,38321,0.135,12744051,0.081
Production Occupations,187874,0.086,13244,0.039,123389,0.038,111720,0.085,863584,0.046,108736,0.037,85241,0.047,19275,0.042,2110,0.006,319389,0.033,292543,0.059,16953,0.025,47301,0.056,382655,0.061,331658,0.102,135227,0.083,99544,0.069,179882,0.09,104409,0.052,35884,0.053,85584,0.027,141289,0.039,421288,0.09,201668,0.068,103773,0.084,195705,0.066,20602,0.039,70646,0.07,53554,0.038,45725,0.062,175216,0.038,30266,0.034,323365,0.034,327535,0.068,19811,0.049,460416,0.081,114730,0.064,107979,0.053,371754,0.059,30213,0.055,182503,0.079,29214,0.065,249291,0.078,672181,0.049,95022,0.06,19740,0.059,174810,0.041,169973,0.046,41754,0.057,289602,0.096,13074,0.046,8698901,0.055
Transportation and Material Moving Occupations,185971,0.086,27817,0.082,226640,0.071,114177,0.087,1359747,0.073,189768,0.064,104107,0.057,34805,0.075,10821,0.029,716646,0.073,437669,0.088,45523,0.067,64931,0.077,536008,0.085,300581,0.093,140884,0.087,108960,0.075,192547,0.096,154575,0.077,46553,0.068,194500,0.062,197759,0.054,359887,0.077,204011,0.068,118608,0.096,239275,0.081,37295,0.071,74625,0.074,121471,0.085,43236,0.059,351031,0.077,60075,0.068,621781,0.064,361755,0.075,30952,0.077,492770,0.087,140109,0.078,141648,0.07,526308,0.084,35247,0.064,178764,0.077,33106,0.074,284496,0.089,1081093,0.079,111456,0.07,16751,0.05,270151,0.064,273353,0.074,66050,0.09,245363,0.081,23035,0.081,11934691,0.076
Male Employed Civilian Population 16 Years and Over,1135882,,180009,,1720517,,683007,,10104245,,1600877,,939729,,236135,,179949,,5147411,,2576175,,347922,,461115,,3285186,,1712086,,855577,,765976,,1049398,,1035878,,348450,,1590284,,1869455,,2457622,,1552811,,630184,,1523859,,279338,,534807,,770283,,386756,,2412912,,465393,,4963131,,2499821,,217874,,2939506,,949385,,1068250,,3278110,,282813,,1191762,,236986,,1671825,,7414563,,882848,,169085,,2188229,,1990888,,388291,,1572544,,155502,,82900641,
Management_Business_and Financial Operations  Occupations,162178,0.143,25614,0.142,278256,0.162,97192,0.142,1696490,0.168,319802,0.2,188229,0.2,39033,0.165,51061,0.284,876001,0.17,449842,0.175,50307,0.145,75845,0.165,590968,0.18,261557,0.153,145281,0.17,133926,0.175,152959,0.146,147364,0.142,54573,0.157,302695,0.19,372717,0.199,383633,0.156,288376,0.186,79150,0.126,246498,0.162,47799,0.171,98520,0.184,103816,0.135,67183,0.174,493612,0.205,65218,0.14,865782,0.174,429624,0.172,41314,0.19,478303,0.163,142443,0.15,183420,0.172,556983,0.17,45282,0.16,181543,0.152,44439,0.188,258223,0.155,1239895,0.167,165087,0.187,28413,0.168,430710,0.197,355369,0.179,46237,0.119,252644,0.161,24003,0.154,14115409,0.17
Professional and Related Occupations,191252,0.168,33660,0.187,327760,0.191,102627,0.15,2178273,0.216,351574,0.22,202944,0.216,45688,0.194,67638,0.376,870142,0.169,459129,0.178,65468,0.188,77579,0.168,619586,0.189,279027,0.163,136788,0.16,137662,0.18,162924,0.155,168288,0.163,63641,0.183,404318,0.254,472854,0.253,481616,0.196,312789,0.201,91023,0.144,270115,0.177,47394,0.17,90829,0.17,115064,0.149,82145,0.212,517392,0.214,93260,0.2,1073841,0.216,453068,0.181,32330,0.148,526672,0.179,156884,0.165,221458,0.207,639052,0.195,58880,0.208,198816,0.167,35560,0.15,285525,0.171,1329339,0.179,184798,0.209,35582,0.21,513831,0.235,458615,0.23,62199,0.16,271124,0.172,25887,0.167,16083910,0.194
Healthcare Support Occupations,6417,0.006,1894,0.011,19105,0.011,5562,0.008,135070,0.013,12677,0.008,9756,0.01,2233,0.01,1368,0.008,40493,0.008,14441,0.006,2613,0.008,4546,0.01,27070,0.008,10692,0.006,6145,0.007,5693,0.007,6753,0.006,7424,0.007,3546,0.01,13934,0.009,19747,0.011,21211,0.009,19248,0.012,3429,0.005,12511,0.008,3006,0.011,3804,0.007,5943,0.008,2361,0.006,18970,0.008,7333,0.016,67938,0.014,16279,0.007,2368,0.011,24270,0.008,6571,0.007,14213,0.013,36818,0.011,2617,0.009,6866,0.006,1624,0.007,12336,0.007,56048,0.008,7106,0.008,2144,0.013,14296,0.007,21693,0.011,4701,0.012,13906,0.009,678,0.004,767467,0.009
Protective Service Occupations,37551,0.033,7500,0.042,62019,0.036,19744,0.029,307159,0.03,45437,0.028,27901,0.03,9040,0.038,4723,0.026,175445,0.034,76542,0.03,18417,0.053,11269,0.024,105352,0.032,43580,0.026,16613,0.019,21279,0.028,31318,0.03,39150,0.038,9802,0.028,65602,0.041,60136,0.032,61382,0.025,30259,0.02,23225,0.037,43930,0.029,7979,0.029,12690,0.024,34821,0.045,10021,0.026,89182,0.037,19094,0.041,217365,0.044,70196,0.028,4752,0.022,85209,0.029,28029,0.03,25156,0.024,97065,0.03,10019,0.035,37271,0.031,6020,0.025,51339,0.031,226355,0.031,19699,0.022,3172,0.019,86201,0.039,52566,0.026,14812,0.038,37599,0.024,3942,0.025,2604929,0.031
Food Preparation and Serving Related Occupations,46610,0.041,8135,0.045,87929,0.051,29126,0.043,509664,0.05,76125,0.048,39969,0.043,9708,0.041,8536,0.047,294683,0.057,115473,0.045,27985,0.08,20121,0.044,148851,0.045,69380,0.041,33623,0.039,31785,0.042,40056,0.038,49671,0.048,14454,0.042,63110,0.04,83021,0.044,112595,0.046,60460,0.039,27361,0.043,69575,0.046,14588,0.052,21160,0.04,68097,0.088,17788,0.046,91990,0.038,23753,0.051,259985,0.052,112915,0.045,9405,0.043,130983,0.045,39972,0.042,53370,0.05,139490,0.043,14688,0.052,61521,0.052,10872,0.046,75281,0.045,331192,0.045,30909,0.035,7972,0.047,90816,0.042,88403,0.044,16360,0.042,64547,0.041,7253,0.047,3861316,0.047
Building and Grounds Cleaning and Maintenance  Occupations,47810,0.042,7667,0.043,81981,0.048,29650,0.043,428211,0.042,51270,0.032,42815,0.046,12006,0.051,4708,0.026,252355,0.049,108598,0.042,21727,0.062,18992,0.041,128165,0.039,65457,0.038,31218,0.037,30419,0.04,41508,0.04,42432,0.041,14732,0.042,59207,0.037,73799,0.04,100311,0.041,58288,0.038,27376,0.043,60959,0.04,12138,0.044,19016,0.036,38172,0.05,14354,0.037,87545,0.036,20744,0.045,222096,0.045,110042,0.044,8701,0.04,119442,0.041,38815,0.041,40103,0.038,128268,0.039,13971,0.049,57974,0.049,9353,0.04,70970,0.043,270692,0.037,31825,0.036,7487,0.044,80605,0.037,69655,0.035,17195,0.044,59097,0.038,5990,0.039,3395911,0.041
Personal Care and Service Occupations,10806,0.01,3067,0.017,21330,0.012,6704,0.01,130653,0.013,18716,0.012,15431,0.016,3565,0.015,2118,0.012,86363,0.017,28858,0.011,8336,0.024,4158,0.009,37740,0.012,15787,0.009,7492,0.009,7159,0.009,11685,0.011,13098,0.013,3197,0.009,20167,0.013,24674,0.013,25360,0.01,15066,0.01,7599,0.012,16827,0.011,3291,0.012,4701,0.009,27335,0.036,4027,0.01,31799,0.013,6848,0.015,88613,0.018,28555,0.011,2195,0.01,29003,0.01,11479,0.012,9983,0.009,37635,0.012,3773,0.013,13685,0.012,2408,0.01,16654,0.01,79418,0.011,8085,0.009,2418,0.014,26418,0.012,17782,0.009,4663,0.012,13187,0.008,2002,0.013,1021913,0.012
Sales and Related Occupations,103497,0.091,12635,0.07,180442,0.105,63638,0.093,923778,0.091,159829,0.1,92997,0.099,21783,0.092,10838,0.06,575839,0.112,250290,0.097,28405,0.082,44453,0.096,312989,0.095,143257,0.084,76513,0.089,68740,0.09,91867,0.088,95556,0.092,31765,0.091,127044,0.08,170794,0.091,215481,0.088,149934,0.097,54416,0.086,148612,0.098,26618,0.095,48734,0.091,70952,0.092,40751,0.105,241092,0.1,41176,0.089,466217,0.094,242783,0.097,19879,0.091,263882,0.09,86365,0.091,99670,0.093,295145,0.09,28321,0.1,112267,0.094,22801,0.096,156296,0.094,720319,0.097,87101,0.099,14229,0.084,187076,0.086,167874,0.084,35292,0.091,135505,0.086,11317,0.073,7777054,0.094
Office and Administrative Support Occupations,47082,0.041,11020,0.061,118684,0.069,31507,0.046,590383,0.058,85304,0.053,48664,0.052,13069,0.055,10537,0.059,316599,0.062,138316,0.054,19927,0.057,22635,0.049,180770,0.055,87120,0.051,41913,0.049,38548,0.05,59169,0.056,44964,0.043,18799,0.054,85286,0.054,99927,0.054,120203,0.049,84659,0.055,26871,0.043,80812,0.053,11921,0.043,29057,0.054,47376,0.062,18810,0.049,136787,0.057,24761,0.053,303641,0.061,121704,0.049,10169,0.047,165358,0.056,47795,0.05,61603,0.058,174397,0.053,16257,0.058,55980,0.047,10084,0.043,92117,0.055,406167,0.055,58860,0.067,8359,0.049,107149,0.049,98489,0.05,20221,0.052,75772,0.048,5656,0.036,4531258,0.055
Farming_Fishing_and Forestry Occupations,7965,0.007,2826,0.016,13050,0.008,10658,0.016,186063,0.018,11808,0.007,1823,0.002,1633,0.007,9,0,33773,0.007,16878,0.007,3575,0.01,15009,0.033,15476,0.005,9578,0.006,15252,0.018,11134,0.015,9777,0.009,8459,0.008,8659,0.025,4186,0.003,5348,0.003,15984,0.007,16142,0.01,6805,0.011,12640,0.008,6862,0.025,11290,0.021,2007,0.003,1991,0.005,4597,0.002,6613,0.014,16171,0.003,20365,0.008,5508,0.025,12319,0.004,9073,0.01,25241,0.024,18322,0.006,850,0.003,7250,0.006,6708,0.028,9652,0.006,45240,0.006,3720,0.004,3303,0.02,11572,0.005,39611,0.02,1958,0.005,19191,0.012,2791,0.018,736715,0.009
Construction_Extraction_and Maintenance  Occupations,191199,0.168,33410,0.186,261718,0.152,116297,0.17,1349986,0.134,239985,0.15,125443,0.134,37331,0.158,8285,0.046,829119,0.161,390050,0.151,55303,0.159,80782,0.175,416882,0.127,258686,0.151,133055,0.156,118106,0.154,160847,0.153,204194,0.197,60062,0.172,229208,0.144,230990,0.124,333855,0.136,209039,0.135,114264,0.181,230793,0.152,51403,0.184,83815,0.157,123500,0.16,60740,0.157,307261,0.127,84880,0.182,628345,0.127,393271,0.157,39969,0.184,388540,0.132,177978,0.188,142049,0.133,460592,0.141,38921,0.138,194367,0.163,38467,0.162,253311,0.152,1329229,0.179,132300,0.15,28212,0.167,303065,0.139,279981,0.141,74944,0.193,225521,0.143,36846,0.237,12296396,0.148
Production Occupations,135117,0.119,9903,0.055,92048,0.054,77634,0.114,599579,0.059,76958,0.048,60911,0.065,13901,0.059,1575,0.009,221500,0.043,193327,0.075,11251,0.032,34141,0.074,274557,0.084,233869,0.137,97002,0.113,73229,0.096,128277,0.122,87696,0.085,26624,0.076,60503,0.038,97284,0.052,303282,0.123,144536,0.093,70650,0.112,141939,0.093,15616,0.056,49156,0.092,37394,0.049,32189,0.083,117840,0.049,22655,0.049,231859,0.047,213967,0.086,15356,0.071,330946,0.113,89936,0.095,80584,0.075,274772,0.084,21416,0.076,123514,0.104,21014,0.089,168633,0.101,507909,0.069,65264,0.074,13792,0.082,123519,0.056,127403,0.064,34736,0.09,209769,0.133,10613,0.068,6207145,0.075
Transportation and Material Moving Occupations,148398,0.131,22678,0.126,176195,0.102,92668,0.136,1068936,0.106,151392,0.095,82846,0.088,27145,0.115,8553,0.048,575099,0.112,334431,0.13,34608,0.1,51585,0.112,426780,0.13,234096,0.137,114682,0.134,88296,0.115,152258,0.145,127582,0.123,38596,0.111,155024,0.098,158164,0.085,282709,0.115,164015,0.106,98015,0.156,188648,0.124,30723,0.11,62035,0.116,95806,0.124,34396,0.089,274845,0.114,49058,0.105,521278,0.105,287052,0.115,25928,0.119,384579,0.131,114045,0.12,111400,0.104,419571,0.128,27818,0.098,140708,0.118,27636,0.117,221488,0.133,872760,0.118,88094,0.1,14002,0.083,212971,0.097,213447,0.107,54973,0.142,194682,0.124,18524,0.119,9501218,0.115
Female Employed Civilian Population 16 Years and Over,1037715,,158655,,1490274,,627856,,8572476,,1374953,,883266,,228322,,194018,,4677500,,2407578,,332379,,386311,,2988287,,1538837,,765219,,684240,,959787,,978029,,332737,,1530693,,1797564,,2234787,,1427666,,610606,,1422107,,247303,,477182,,659164,,351750,,2175990,,424035,,4700386,,2345947,,185738,,2716957,,837357,,957857,,3017484,,269894,,1121616,,211371,,1529315,,6204067,,707295,,166154,,2031552,,1710768,,347797,,1442068,,129432,,74610341,
Management_Business_and Financial Operations  Occupations,137305,0.132,24571,0.155,242242,0.163,81840,0.13,1434011,0.167,256309,0.186,153202,0.173,37861,0.166,57834,0.298,709352,0.152,382940,0.159,48006,0.144,52080,0.135,491805,0.165,208272,0.135,111768,0.146,100445,0.147,127847,0.133,126143,0.129,52043,0.156,296115,0.194,333869,0.186,326703,0.146,243312,0.17,70444,0.115,216847,0.153,37014,0.15,68270,0.143,89882,0.136,59535,0.169,374229,0.172,59264,0.14,739649,0.157,369773,0.158,26357,0.142,399281,0.147,119925,0.143,152321,0.159,450664,0.149,40772,0.151,152365,0.136,28850,0.137,218648,0.143,980656,0.158,101319,0.143,27034,0.163,378618,0.186,296364,0.173,40516,0.117,215099,0.149,17836,0.138,11767407,0.158
Professional and Related Occupations,294357,0.284,46549,0.293,391917,0.263,179739,0.286,2366788,0.276,404009,0.294,277596,0.314,69125,0.303,76233,0.393,1211091,0.259,671464,0.279,85547,0.257,104081,0.269,852834,0.285,420282,0.273,215343,0.281,204649,0.299,274347,0.286,289696,0.296,100387,0.302,499800,0.327,616784,0.343,605499,0.271,438945,0.308,180181,0.295,410715,0.289,68781,0.278,139310,0.292,143958,0.218,105853,0.301,684940,0.315,125570,0.296,1525449,0.325,680181,0.29,56595,0.305,768636,0.283,229946,0.275,273372,0.285,911574,0.302,81050,0.3,314215,0.28,59987,0.284,421830,0.276,1695479,0.273,191305,0.271,56790,0.342,631055,0.311,500371,0.293,105254,0.303,406257,0.282,37038,0.286,21502754,0.288
Healthcare Support Occupations,52691,0.051,9403,0.059,81069,0.054,36250,0.058,543601,0.063,67686,0.049,56013,0.063,12530,0.055,3895,0.02,250225,0.054,104532,0.043,16512,0.05,24092,0.062,173830,0.058,85036,0.055,43499,0.057,39033,0.057,51115,0.053,62717,0.064,23372,0.07,72166,0.047,106219,0.059,145350,0.065,93347,0.065,34109,0.056,83172,0.059,14380,0.058,27709,0.058,28122,0.043,19113,0.054,110471,0.051,32202,0.076,383425,0.082,125785,0.054,12492,0.067,165735,0.061,46780,0.056,68790,0.072,202256,0.067,17987,0.067,57083,0.051,12032,0.057,76333,0.05,344586,0.056,32810,0.046,7724,0.047,97029,0.048,108105,0.063,26836,0.077,99565,0.069,7923,0.061,4396737,0.059
Protective Service Occupations,10740,0.01,2068,0.013,17583,0.012,5959,0.01,81038,0.01,15426,0.011,6415,0.007,3245,0.014,4395,0.023,60279,0.013,32439,0.014,3651,0.011,3040,0.008,34456,0.012,12698,0.008,5470,0.007,5289,0.008,8459,0.009,14806,0.015,1862,0.006,23275,0.015,14795,0.008,16730,0.008,8364,0.006,6895,0.011,12281,0.009,2653,0.011,3868,0.008,9479,0.014,2121,0.006,21905,0.01,4877,0.012,64127,0.014,21728,0.009,1554,0.008,22558,0.008,7478,0.009,7290,0.008,30021,0.01,3220,0.012,10865,0.01,1856,0.009,14903,0.01,72420,0.012,5879,0.008,1170,0.007,27947,0.014,14677,0.009,2774,0.008,10461,0.007,1248,0.01,778737,0.01
Food Preparation and Serving Related Occupations,65924,0.064,9201,0.058,95363,0.064,42165,0.067,502144,0.059,83260,0.061,46230,0.052,13014,0.057,7674,0.04,317997,0.068,145747,0.061,25529,0.077,28077,0.073,175736,0.059,108883,0.071,51435,0.067,44223,0.065,65232,0.068,71283,0.073,21152,0.064,75179,0.049,92210,0.051,156809,0.07,84800,0.059,42082,0.069,89134,0.063,20058,0.081,30347,0.064,59643,0.091,21679,0.062,95709,0.044,27889,0.066,212790,0.045,151649,0.065,12302,0.066,189039,0.07,61472,0.073,68368,0.071,185584,0.062,18013,0.067,75089,0.067,14367,0.068,104484,0.068,403811,0.065,42320,0.06,10290,0.062,115088,0.057,104856,0.061,26689,0.077,89798,0.062,9251,0.072,4611068,0.062
Building and Grounds Cleaning and Maintenance  Occupations,30354,0.029,4670,0.029,48940,0.033,19377,0.031,287165,0.034,39467,0.029,23684,0.027,5718,0.025,4547,0.023,194769,0.042,68207,0.028,14663,0.044,11497,0.03,77427,0.026,42120,0.027,20380,0.027,19540,0.029,25293,0.026,34272,0.035,9755,0.029,43295,0.028,44191,0.025,63587,0.029,33810,0.024,19304,0.032,34973,0.025,8747,0.035,12597,0.026,38214,0.058,8670,0.025,57893,0.027,14494,0.034,138630,0.03,64777,0.028,6155,0.033,69040,0.025,26740,0.032,25622,0.027,74178,0.025,5993,0.022,34679,0.031,7230,0.034,43453,0.028,226852,0.037,20897,0.03,5582,0.034,57187,0.028,42377,0.025,11350,0.033,35293,0.025,5045,0.039,2262700,0.03
Personal Care and Service Occupations,39853,0.038,7090,0.045,62929,0.042,22229,0.035,386479,0.045,60742,0.044,41991,0.048,8794,0.039,6550,0.034,195757,0.042,89598,0.037,13441,0.04,16553,0.043,130341,0.044,60331,0.039,37472,0.049,30200,0.044,36506,0.038,38693,0.04,14003,0.042,64495,0.042,78879,0.044,89063,0.04,60086,0.042,23222,0.038,56936,0.04,10703,0.043,24139,0.051,39849,0.061,14542,0.041,94279,0.043,15748,0.037,212363,0.045,88791,0.038,10214,0.055,99222,0.037,37910,0.045,39736,0.042,119576,0.04,10967,0.041,41975,0.037,9836,0.047,55899,0.037,251182,0.041,33733,0.048,6295,0.038,86775,0.043,75455,0.044,13132,0.038,55609,0.039,5654,0.044,3125817,0.042
Sales and Related Occupations,119380,0.115,13711,0.086,160849,0.108,66742,0.106,883509,0.103,137764,0.1,87148,0.099,22128,0.097,9651,0.05,575426,0.123,266460,0.111,42142,0.127,38618,0.1,300374,0.101,147942,0.096,73384,0.096,64871,0.095,98038,0.102,113504,0.116,32538,0.098,129254,0.084,153039,0.085,219469,0.098,127622,0.089,68588,0.112,141406,0.099,24952,0.101,43979,0.092,81569,0.124,36066,0.103,211581,0.097,43877,0.104,429080,0.091,255737,0.109,16500,0.089,260998,0.096,87361,0.104,89530,0.094,288549,0.096,26590,0.099,129326,0.115,20247,0.096,160196,0.105,690816,0.111,70084,0.099,14518,0.087,191109,0.094,164750,0.096,38121,0.11,130517,0.091,11785,0.091,7611395,0.102
Office and Administrative Support Occupations,188029,0.181,30771,0.194,293207,0.197,111731,0.178,1414442,0.165,226470,0.165,140400,0.159,41243,0.181,19877,0.102,874618,0.187,419904,0.174,62468,0.188,74892,0.194,515996,0.173,277020,0.18,134354,0.176,121801,0.178,173516,0.181,174369,0.178,57030,0.171,252592,0.165,264448,0.147,396601,0.178,228895,0.16,106877,0.175,261064,0.184,44233,0.179,88302,0.185,120899,0.183,59322,0.169,381433,0.175,77430,0.183,775589,0.165,375181,0.16,32132,0.173,485413,0.179,159943,0.191,162643,0.17,530132,0.176,48034,0.178,197439,0.176,40763,0.193,276035,0.181,1110615,0.179,150118,0.212,25591,0.154,322239,0.159,274398,0.16,62392,0.179,254943,0.177,24503,0.189,12942337,0.174
Farming_Fishing_and Forestry Occupations,1658,0.002,789,0.005,4073,0.003,2093,0.003,80082,0.009,3962,0.003,1160,0.001,639,0.003,108,0.001,13346,0.003,6051,0.003,1692,0.005,3560,0.009,3681,0.001,2499,0.002,3555,0.005,2234,0.003,1875,0.002,1891,0.002,1412,0.004,1824,0.001,2299,0.001,6814,0.003,3746,0.003,1258,0.002,2491,0.002,1667,0.007,2069,0.004,655,0.001,733,0.002,2324,0.001,1432,0.003,6395,0.001,5066,0.002,964,0.005,4265,0.002,2248,0.003,6036,0.006,7064,0.002,189,0.001,1812,0.002,1165,0.006,2938,0.002,8833,0.001,1382,0.002,1135,0.007,2574,0.001,15241,0.009,441,0.001,6383,0.004,702,0.005,238505,0.003
Construction_Extraction_and Maintenance  Occupations,7094,0.007,1352,0.009,10316,0.007,4136,0.007,38401,0.005,9704,0.007,3836,0.004,991,0.004,451,0.002,35204,0.008,17782,0.007,2111,0.006,3315,0.009,14481,0.005,9480,0.006,4132,0.005,4976,0.007,5665,0.006,6949,0.007,1966,0.006,8141,0.005,7231,0.004,12978,0.006,7611,0.005,3930,0.006,8695,0.006,2557,0.01,2512,0.005,5069,0.008,1740,0.005,7664,0.004,2624,0.006,20880,0.004,19008,0.008,994,0.005,15109,0.006,6696,0.008,6506,0.007,14167,0.005,853,0.003,9723,0.009,1368,0.007,10930,0.007,46212,0.007,4328,0.006,1328,0.008,13460,0.007,11698,0.007,2197,0.006,7629,0.005,1475,0.011,447655,0.006
Production Occupations,52757,0.051,3341,0.021,31341,0.021,34086,0.054,264005,0.031,31778,0.023,24330,0.028,5374,0.024,535,0.003,97889,0.021,99216,0.041,5702,0.017,13160,0.034,108098,0.036,97789,0.064,38225,0.05,26315,0.039,51605,0.054,16713,0.017,9260,0.028,25081,0.016,44005,0.025,118006,0.053,57132,0.04,33123,0.054,53766,0.038,4986,0.02,21490,0.045,16160,0.025,13536,0.039,57376,0.026,7611,0.018,91506,0.02,113568,0.048,4455,0.024,129470,0.048,24794,0.03,27395,0.029,96982,0.032,8797,0.033,58989,0.053,8200,0.039,80658,0.053,164272,0.027,29758,0.042,5948,0.036,51291,0.025,42570,0.025,7018,0.02,79833,0.055,2461,0.019,2491756,0.033
Transportation and Material Moving Occupations,37573,0.036,5139,0.032,50445,0.034,21509,0.034,290811,0.034,38376,0.028,21261,0.024,7660,0.034,2268,0.012,141547,0.03,103238,0.043,10915,0.033,13346,0.035,109228,0.037,66485,0.043,26202,0.034,20664,0.03,40289,0.042,26993,0.028,7957,0.024,39476,0.026,39595,0.022,77178,0.035,39996,0.028,20593,0.034,50627,0.036,6572,0.027,12590,0.026,25665,0.039,8840,0.025,76186,0.035,11017,0.026,100503,0.021,74703,0.032,5024,0.027,108191,0.04,26064,0.031,30248,0.032,106737,0.035,7429,0.028,38056,0.034,5470,0.026,63008,0.041,208333,0.034,23362,0.033,2749,0.017,57180,0.028,59906,0.035,11077,0.032,50681,0.035,4511,0.035,2433473,0.033
