Statistics,TotalPopulationBySex,MalePop,M_Under5Years,M_5to9Years,M_10to14Years,M_15to17Years,M_18to24Years,M_25to34Years,M_35to44Years,M_45to54Years,M_55to64Years,M_65to74Years,M_75to84Years,M_85YearsandOver,FemalePop,F_Under5Years,F_5to9Years,F_10to14Years,F_15to17Years,F_18to24Years,F_25to34Years,F_35to44Years,F_45to54Years,F_55to64Years,F_65to74Years,F_75to84Years,F_85YearsandOver,TotalEA_Pop25YearsandOver,TotalEA_LessthanHighSchool,TotalEA_HighSchoolGrad ,TotalEA_SomeCollege,TotalEA_BachelorsDegree,TotalEA_MastersDegree,TotalEA_ProfessionalSchoolDegree,TotalEA_DoctorateDegree,MaleEA_Pop25YearsandOver,MaleEA_LessthanHighSchool,MaleEA_HighSchoolGrad,MaleEA_SomeCollege,MaleEA_BachelorsDegree,MaleEA_MastersDegree,MaleEA_ProfessionalSchoolDegree,MaleEA_DoctorateDegree,FemEA_Pop25YearsandOver,FemEA_LessthanHighSchool,FemEA_HighSchoolGrad,FemEA_SomeCollege,FemEA_BachelorsDegree,FemEA_MastersDegree,FemEA_ProfessionalSchoolDegree,FemEA_DoctorateDegree,MaleSDR_CivilianPop16to19Years,MaleSDR_NotHighSchoolGradNotEnrolled,MaleSDR_HighSchoolGradEnrolled ,FemaleSDR_CivilianPop16to19Years,FemSDR_NotHighSchoolGradNotEnrolled,FemSDR_HighSchoolGradEnrolled ,MaleES_Pop16YearsandOver,MaleES_InLaborForce,MaleES_InArmedForces,MaleES_Civilian,MaleES_Employed,MaleES_Unemployed,MaleES_NotinLaborForce,FemES Pop16YearsandOver,FemES_InLaborForce,FemES_InArmedForces,FemES_Civilian,FemES_Employed,FemES_Unemployed,FemES_NotinLaborForce,MaleEmpSec_EmployedCivilianPop16YearsandOver,MaleEmpSec_PrivateSector,MaleEmpSec_PublicSector,MaleEmpSec_SelfEmployed,MaleEmpSec_PrivateNonProfit,MaleEmpSec_UnpaidFamilyWorkers,FemEmpSec_EmployedCivilianPop16YearsandOver,FemEmpSec_PrivateSector,FemEmpSec_PublicSector,FemEmpSec_SelfEmployed,FemEmpSec_PrivateNonProfit,FemEmpSec_UnpaidFamilyWorkers,MaleUR_CivilianMaleinLaborForce16YearsandOver,MaleUR_Employed,MaleUR_Unemployed,FemUR_CivilianFemaleinLaborForce16YearsandOver,FemUR_Employed,FemUR_Unemployed,PS_Total,IncomeinthePast12MonthsBelowPovertyLevel,Male_IncPast12BPL,Female_IncPast12BPL,IncomeinthePast12MonthsAtorAbovePovertyLevel,Male_IncPast12AAPL,Female_IncPast12AAPL,TotalMedianEarnings,TME_LessthanHighSchoolGrad,TME_HighSchoolGrad,TME_SomeCollegeorAssociatesDegree,TME_BachelorsDegree,TME_GraduateorProfessionalDegree,MaleMedianEarnings,MaleME_LessthanHighSchoolGrad,MaleME_HighSchoolGrad,MaleME_SomeCollegeorAssociatesDegree,MaleME_BachelorsDegree,MaleME_GraduateorProfessionalDegree,FemaleMedianEarnings,FemME_LessthanHighSchoolGrad,FemME_HighSchoolGrad,FemME_SomeCollegeorAssociatesDegree,FemME_BachelorsDegree,FemME_GraduateorProfessionalDegree
Alabama,4997675,2429703,151356,155081,167636,99974,230978,319149,299339,309965,324086,238075,106537,27527,2567972,144276,146733,162158,95167,230513,328098,315771,323966,349002,273827,142272,56189,3413803,430047,1041209,1032122,563628,251040,54076,41681,1624678,226461,519061,461869,260597,101009,31006,24675,1789125,203586,522148,570253,303031,150031,23070,17006,133419,6581,126838,131377,4616,126761,1921714,1213346,13658,1199688,1135882,63806,708368,2083785,1100270,1945,1098325,1037715,60610,983515,1135882,812182,149692,124615,47676,1717,1037715,677980,191903,69033,97476,1323,1199688,1135882,63806,1098325,1037715,60610,4876863,769819,329724,440095,4107044,2031088,2075956,"$39,624","$25,163","$31,825","$36,556","$53,063","$65,092","$48,006","$30,253","$39,088","$46,840","$68,665","$88,888","$32,184","$18,442","$24,748","$30,202","$43,022","$56,220"
AL_pct,,48.6%,3.0%,3.1%,3.4%,2.0%,4.6%,6.4%,6.0%,6.2%,6.5%,4.8%,2.1%,0.6%,51.4%,2.9%,2.9%,3.2%,1.9%,4.6%,6.6%,6.3%,6.5%,7.0%,5.5%,2.9%,1.1%,,12.6%,30.5%,30.2%,16.5%,7.4%,1.6%,1.2%,,13.9%,32.0%,28.4%,16.0%,6.2%,1.9%,1.5%,,11.4%,29.2%,31.9%,16.9%,8.4%,1.3%,1.0%,,4.9%,95.1%,,3.5%,96.5%,,63.1%,0.7%,62.4%,59.1%,3.3%,36.9%,,52.8%,0.1%,52.7%,49.8%,2.9%,47.2%,,71.5%,13.2%,11.0%,4.2%,0.2%,,65.3%,18.5%,6.7%,9.4%,0.1%,,94.7%,5.3%,,94.5%,5.5%,,15.8%,6.8%,9.0%,84.2%,41.7%,42.6%,,,,,,,,,,,,,,,,,,
Alaska,735951,384749,25965,27379,25485,14977,38979,61562,50350,46441,48584,31844,10382,2801,351202,24826,25891,24162,14049,29856,54963,46314,41278,44702,29621,11713,3827,484382,32669,137873,165649,92691,39503,9969,6028,251964,18112,79487,86851,41871,17100,4989,3554,232418,14557,58386,78798,50820,22403,4980,2474,19839,981,18858,17164,549,16615,300904,212319,17513,194806,180009,14797,88585,271261,171476,2564,168912,158655,10257,99785,180009,104114,43216,19595,12640,444,158655,78668,44306,14211,21110,360,194806,180009,14797,168912,158655,10257,719086,75016,36324,38692,644070,336075,307995,"$50,584","$26,928","$38,556","$48,082","$61,748","$81,581","$57,741","$29,659","$44,214","$57,832","$74,516","$93,166","$41,868","$22,241","$30,457","$38,789","$51,955","$75,380"
AK_pct,,52.3%,3.5%,3.7%,3.5%,2.0%,5.3%,8.4%,6.8%,6.3%,6.6%,4.3%,1.4%,0.4%,47.7%,3.4%,3.5%,3.3%,1.9%,4.1%,7.5%,6.3%,5.6%,6.1%,4.0%,1.6%,0.5%,,6.7%,28.5%,34.2%,19.1%,8.2%,2.1%,1.2%,,7.2%,31.6%,34.5%,16.6%,6.8%,2.0%,1.4%,,6.3%,25.1%,33.9%,21.9%,9.6%,2.1%,1.1%,,4.9%,95.1%,,3.2%,96.8%,,70.6%,5.8%,64.7%,59.8%,4.9%,29.4%,,63.2%,1.0%,62.3%,58.5%,3.8%,36.8%,,57.8%,24.0%,10.9%,7.0%,0.3%,,49.6%,27.9%,9.0%,13.3%,0.2%,,92.4%,7.6%,,93.9%,6.1%,,10.4%,5.1%,5.4%,89.6%,46.7%,42.8%,,,,,,,,,,,,,,,,,,
Arizona,7079203,3533895,210607,224911,244849,144036,347338,499568,450250,419876,415522,344077,179121,53740,3545308,201999,215310,235194,137529,325423,467102,432664,419087,444079,387296,200147,79478,4792007,560460,1125498,1610633,923339,413353,92301,66423,2362154,292497,568896,767868,451206,189461,55024,37202,2429853,267963,556602,842765,472133,223892,37277,29221,194349,13113,181236,186412,8314,178098,2804618,1839639,18958,1820681,1720517,100164,964979,2846006,1584554,3329,1581225,1490274,90951,1261452,1720517,1238702,205335,193809,79205,3466,1490274,977935,240654,125541,143260,2884,1820681,1720517,100164,1581225,1490274,90951,6926281,934911,430677,504234,5991370,3000723,2990647,"$42,355","$27,094","$33,220","$40,123","$56,276","$72,937","$48,036","$30,648","$38,079","$46,645","$69,953","$89,640","$37,103","$22,007","$28,125","$34,350","$47,780","$61,338"
AZ_pct,,49.9%,3.0%,3.2%,3.5%,2.0%,4.9%,7.1%,6.4%,5.9%,5.9%,4.9%,2.5%,0.8%,50.1%,2.9%,3.0%,3.3%,1.9%,4.6%,6.6%,6.1%,5.9%,6.3%,5.5%,2.8%,1.1%,,11.7%,23.5%,33.6%,19.3%,8.6%,1.9%,1.4%,,12.4%,24.1%,32.5%,19.1%,8.0%,2.3%,1.6%,,11.0%,22.9%,34.7%,19.4%,9.2%,1.5%,1.2%,,6.8%,93.3%,,4.5%,95.5%,,65.6%,0.7%,64.9%,61.4%,3.6%,34.4%,,55.7%,0.1%,55.6%,52.4%,3.2%,44.3%,,72.0%,11.9%,11.3%,4.6%,0.2%,,65.6%,16.2%,8.4%,9.6%,0.2%,,94.5%,5.5%,,94.3%,5.8%,,13.5%,6.2%,7.3%,86.5%,43.3%,43.2%,,,,,,,,,,,,,,,,,,
Arkansas,3006309,1483520,95410,99723,105077,62435,142808,194336,187731,181193,188082,141091,66298,19336,1522789,89170,95925,98171,59874,136426,194163,188700,183520,198204,159216,83939,35481,2021290,248721,688732,592568,313527,129009,29370,19363,978067,130991,358982,263407,144566,51818,17533,10770,1043223,117730,329750,329161,168961,77191,11837,8593,83600,4042,79558,79352,2995,76357,1162716,728160,4831,723329,683007,40322,434556,1219539,662213,946,661267,627856,33411,557326,683007,482441,81200,83689,34150,1527,627856,398016,117142,46994,64503,1201,723329,683007,40322,661267,627856,33411,2923735,468113,206700,261413,2455622,1227965,1227657,"$37,772","$26,405","$31,426","$35,054","$50,737","$65,593","$43,273","$30,526","$36,728","$43,019","$63,813","$80,046","$32,118","$21,451","$25,465","$30,071","$43,208","$57,324"
AR_pct,,49.4%,3.2%,3.3%,3.5%,2.1%,4.8%,6.5%,6.2%,6.0%,6.3%,4.7%,2.2%,0.6%,50.7%,3.0%,3.2%,3.3%,2.0%,4.5%,6.5%,6.3%,6.1%,6.6%,5.3%,2.8%,1.2%,,12.3%,34.1%,29.3%,15.5%,6.4%,1.5%,1.0%,,13.4%,36.7%,26.9%,14.8%,5.3%,1.8%,1.1%,,11.3%,31.6%,31.6%,16.2%,7.4%,1.1%,0.8%,,4.8%,95.2%,,3.8%,96.2%,,62.6%,0.4%,62.2%,58.7%,3.5%,37.4%,,54.3%,0.1%,54.2%,51.5%,2.7%,45.7%,,70.6%,11.9%,12.3%,5.0%,0.2%,,63.4%,18.7%,7.5%,10.3%,0.2%,,94.4%,5.6%,,95.0%,5.1%,,16.0%,7.1%,8.9%,84.0%,42.0%,42.0%,,,,,,,,,,,,,,,,,,
California,39455353,19714044,1203859,1245934,1362100,792617,1879868,3056135,2720662,2537185,2366158,1581047,696336,272143,19741309,1146476,1188179,1296261,757006,1785983,2885487,2620387,2506218,2434959,1782400,885135,452818,26797070,4236035,5477154,7632443,5855383,2449563,678258,468234,13229666,2137364,2825211,3670091,2816104,1148481,357140,275275,13567404,2098671,2651943,3962352,3039279,1301082,321118,192959,1062842,32659,1030183,1012943,20664,992279,15642410,10922019,127554,10794465,10104245,690220,4720391,15857294,9207143,21146,9185997,8572476,613521,6650151,10104245,7157998,1139944,1307668,479777,18858,8572476,5407243,1499073,828986,818886,18288,10794465,10104245,690220,9185997,8572476,613521,38701352,4741175,2146549,2594626,33960177,17086955,16873222,"$47,118","$26,928","$34,965","$42,817","$68,515","$97,115","$53,609","$31,441","$40,646","$51,289","$81,227","$114,783","$40,591","$20,585","$28,843","$36,134","$58,189","$82,881"
CA_pct,,50.0%,3.1%,3.2%,3.5%,2.0%,4.8%,7.8%,6.9%,6.4%,6.0%,4.0%,1.8%,0.7%,50.0%,2.9%,3.0%,3.3%,1.9%,4.5%,7.3%,6.6%,6.4%,6.2%,4.5%,2.2%,1.2%,,15.8%,20.4%,28.5%,21.9%,9.1%,2.5%,1.8%,,16.2%,21.4%,27.7%,21.3%,8.7%,2.7%,2.1%,,15.5%,19.6%,29.2%,22.4%,9.6%,2.4%,1.4%,,3.1%,96.9%,,2.0%,98.0%,,69.8%,0.8%,69.0%,64.6%,4.4%,30.2%,,58.1%,0.1%,57.9%,54.1%,3.9%,41.9%,,70.8%,11.3%,12.9%,4.8%,0.2%,,63.1%,17.5%,9.7%,9.6%,0.2%,,93.6%,6.4%,,93.3%,6.7%,,12.3%,5.6%,6.7%,87.8%,44.2%,43.6%,,,,,,,,,,,,,,,,,,
Colorado,5723176,2895936,165967,176827,191554,112904,273168,464018,417273,364491,350470,249580,95642,34042,2827240,158279,170826,178712,107666,250233,425915,387976,347705,359938,268788,116980,54222,3937040,300620,810976,1139275,1051023,465071,97490,72585,1975516,160291,430183,559043,515459,214957,54446,41137,1961524,140329,380793,580232,535564,250114,43044,31448,152953,6816,146137,142419,4437,137982,2323120,1711376,31761,1679615,1600877,78738,611744,2283279,1446284,5031,1441253,1374953,66300,836995,1600877,1122797,187326,206392,80742,3620,1374953,856447,223551,136075,155290,3590,1679615,1600877,78738,1441253,1374953,66300,5605422,535976,246395,289581,5069446,2573238,2496208,"$49,696","$31,706","$37,928","$42,408","$60,941","$76,458","$56,981","$37,762","$43,053","$51,214","$74,310","$96,383","$41,506","$22,328","$30,896","$35,238","$50,210","$63,783"
CO_pct,,50.6%,2.9%,3.1%,3.4%,2.0%,4.8%,8.1%,7.3%,6.4%,6.1%,4.4%,1.7%,0.6%,49.4%,2.8%,3.0%,3.1%,1.9%,4.4%,7.4%,6.8%,6.1%,6.3%,4.7%,2.0%,1.0%,,7.6%,20.6%,28.9%,26.7%,11.8%,2.5%,1.8%,,8.1%,21.8%,28.3%,26.1%,10.9%,2.8%,2.1%,,7.2%,19.4%,29.6%,27.3%,12.8%,2.2%,1.6%,,4.5%,95.5%,,3.1%,96.9%,,73.7%,1.4%,72.3%,68.9%,3.4%,26.3%,,63.3%,0.2%,63.1%,60.2%,2.9%,36.7%,,70.1%,11.7%,12.9%,5.0%,0.2%,,62.3%,16.3%,9.9%,11.3%,0.3%,,95.3%,4.7%,,95.4%,4.6%,,9.6%,4.4%,5.2%,90.4%,45.9%,44.5%,,,,,,,,,,,,,,,,,,
Connecticut,3605330,1768860,93734,99242,115470,72468,176763,226394,217332,238821,254733,167862,75126,30915,1836470,88388,97298,108901,68990,168939,219467,221766,249462,266983,189547,98023,58706,2515137,225021,656949,613201,561567,334219,79160,45020,1211183,118042,333289,281631,267899,142283,42636,25403,1303954,106979,323660,331570,293668,191936,36524,19617,101526,2517,99009,96628,1688,94940,1436602,1013456,8719,1004737,939729,65008,423146,1518059,936551,662,935889,883266,52623,581508,939729,661605,100876,114339,61333,1576,883266,561368,134290,64425,121607,1576,1004737,939729,65008,935889,883266,52623,3503694,351476,153937,197539,3152218,1561926,1590292,"$53,504","$27,474","$38,906","$44,872","$68,811","$89,355","$62,488","$31,577","$46,001","$54,365","$83,615","$108,585","$44,537","$22,074","$30,663","$38,362","$56,447","$76,290"
CT_pct,,49.1%,2.6%,2.8%,3.2%,2.0%,4.9%,6.3%,6.0%,6.6%,7.1%,4.7%,2.1%,0.9%,50.9%,2.5%,2.7%,3.0%,1.9%,4.7%,6.1%,6.2%,6.9%,7.4%,5.3%,2.7%,1.6%,,9.0%,26.1%,24.4%,22.3%,13.3%,3.2%,1.8%,,9.8%,27.5%,23.3%,22.1%,11.8%,3.5%,2.1%,,8.2%,24.8%,25.4%,22.5%,14.7%,2.8%,1.5%,,2.5%,97.5%,,1.8%,98.3%,,70.6%,0.6%,69.9%,65.4%,4.5%,29.5%,,61.7%,0.0%,61.7%,58.2%,3.5%,38.3%,,70.4%,10.7%,12.2%,6.5%,0.2%,,63.6%,15.2%,7.3%,13.8%,0.2%,,93.5%,6.5%,,94.4%,5.6%,,10.0%,4.4%,5.6%,90.0%,44.6%,45.4%,,,,,,,,,,,,,,,,,,
Delaware,981892,477219,27567,28646,30950,18348,42180,63809,57016,58629,66068,52912,23913,7181,504673,26667,27835,29842,17790,41449,64069,58757,62606,73289,61044,29795,11530,690618,61788,209928,186528,134252,71962,12917,13243,329528,34241,105652,83640,62036,29305,6808,7846,361090,27547,104276,102888,72216,42657,6109,5397,25106,1196,23910,25191,987,24204,384134,254386,3682,250704,236135,14569,129748,414664,242418,672,241746,228322,13424,172246,236135,164106,32315,25634,13543,537,228322,145307,39598,14538,28344,535,250704,236135,14569,241746,228322,13424,955602,109274,47311,61963,846328,415720,430608,"$45,782","$30,017","$35,625","$40,721","$61,034","$77,933","$52,057","$34,700","$42,278","$48,891","$70,888","$94,711","$40,764","$21,612","$29,978","$34,647","$53,577","$70,367"
DE_pct,,48.6%,2.8%,2.9%,3.2%,1.9%,4.3%,6.5%,5.8%,6.0%,6.7%,5.4%,2.4%,0.7%,51.4%,2.7%,2.8%,3.0%,1.8%,4.2%,6.5%,6.0%,6.4%,7.5%,6.2%,3.0%,1.2%,,9.0%,30.4%,27.0%,19.4%,10.4%,1.9%,1.9%,,10.4%,32.1%,25.4%,18.8%,8.9%,2.1%,2.4%,,7.6%,28.9%,28.5%,20.0%,11.8%,1.7%,1.5%,,4.8%,95.2%,,3.9%,96.1%,,66.2%,1.0%,65.3%,61.5%,3.8%,33.8%,,58.5%,0.2%,58.3%,55.1%,3.2%,41.5%,,69.5%,13.7%,10.9%,5.7%,0.2%,,63.6%,17.3%,6.4%,12.4%,0.2%,,94.2%,5.8%,,94.5%,5.6%,,11.4%,5.0%,6.5%,88.6%,43.5%,45.1%,,,,,,,,,,,,,,,,,,
District of Columbia,683154,325490,21890,17335,16300,7748,31755,72944,52731,37237,33032,21419,9351,3748,357664,21068,17734,15149,7798,38651,82770,54067,36364,35382,27553,14617,6511,487726,37934,75562,74761,124285,106838,47536,20810,230462,18537,35786,33272,59978,47766,24254,10869,257264,19397,39776,41489,64307,59072,23282,9941,14220,554,13666,17148,286,16862,267002,196377,2704,193673,179949,13724,70625,301403,209274,487,208787,194018,14769,92129,179949,92742,42957,16594,27457,199,194018,83823,51440,12743,45612,400,193673,179949,13724,208787,194018,14769,651618,100618,42822,57796,551000,267524,283476,"$75,336","$27,707","$32,680","$43,665","$78,399","$107,834","$80,865","$31,687","$34,301","$44,958","$86,892","$117,940","$71,131","$22,319","$31,537","$42,193","$72,081","$100,626"
DC_pct,,47.7%,3.2%,2.5%,2.4%,1.1%,4.7%,10.7%,7.7%,5.5%,4.8%,3.1%,1.4%,0.6%,52.4%,3.1%,2.6%,2.2%,1.1%,5.7%,12.1%,7.9%,5.3%,5.2%,4.0%,2.1%,1.0%,,7.8%,15.5%,15.3%,25.5%,21.9%,9.8%,4.3%,,8.0%,15.5%,14.4%,26.0%,20.7%,10.5%,4.7%,,7.5%,15.5%,16.1%,25.0%,23.0%,9.1%,3.9%,,3.9%,96.1%,,1.7%,98.3%,,73.6%,1.0%,72.5%,67.4%,5.1%,26.5%,,69.4%,0.2%,69.3%,64.4%,4.9%,30.6%,,51.5%,23.9%,9.2%,15.3%,0.1%,,43.2%,26.5%,6.6%,23.5%,0.2%,,92.9%,7.1%,,92.9%,7.1%,,15.4%,6.6%,8.9%,84.6%,41.1%,43.5%,,,,,,,,,,,,,,,,,,
Florida,21339762,10489548,571443,583755,644169,379009,881672,1390105,1315368,1355700,1391425,1137797,621507,217598,10850214,547351,564146,608112,363328,847487,1352337,1311562,1379530,1506298,1304876,737603,327584,15349290,1682505,4282929,4543900,3038293,1253271,356975,191417,7429500,872152,2128716,2103420,1441631,567092,208612,107877,7919790,810353,2154213,2440480,1596662,686179,148363,83540,503701,26160,477541,479554,16044,463510,8565225,5494712,58973,5435739,5147411,288328,3070513,9011799,4953578,12281,4941297,4677500,263797,4058221,5147411,3638930,517028,751835,228570,11048,4677500,3170156,634590,447850,414875,10029,5435739,5147411,288328,4941297,4677500,263797,20928219,2744612,1230391,1514221,18183607,8996006,9187601,"$38,669","$24,999","$30,855","$36,627","$51,092","$66,765","$43,360","$28,655","$34,854","$42,603","$61,402","$83,626","$33,736","$19,832","$25,721","$32,200","$44,157","$57,407"
FL_pct,,49.2%,2.7%,2.7%,3.0%,1.8%,4.1%,6.5%,6.2%,6.4%,6.5%,5.3%,2.9%,1.0%,50.9%,2.6%,2.6%,2.9%,1.7%,4.0%,6.3%,6.2%,6.5%,7.1%,6.1%,3.5%,1.5%,,11.0%,27.9%,29.6%,19.8%,8.2%,2.3%,1.3%,,11.7%,28.7%,28.3%,19.4%,7.6%,2.8%,1.5%,,10.2%,27.2%,30.8%,20.2%,8.7%,1.9%,1.1%,,5.2%,94.8%,,3.4%,96.7%,,64.2%,0.7%,63.5%,60.1%,3.4%,35.9%,,55.0%,0.1%,54.8%,51.9%,2.9%,45.0%,,70.7%,10.0%,14.6%,4.4%,0.2%,,67.8%,13.6%,9.6%,8.9%,0.2%,,94.7%,5.3%,,94.7%,5.3%,,13.1%,5.9%,7.2%,86.9%,43.0%,43.9%,,,,,,,,,,,,,,,,,,
Georgia,10625615,5191616,329092,350442,385435,228016,518757,721328,686105,690137,631328,424233,175792,50951,5433999,314626,335684,369232,219670,498805,740657,722751,720678,683040,500530,233171,95155,7075856,831989,1925348,1983294,1426415,643718,161767,103325,3379874,441780,975066,888217,674606,268176,80749,51280,3695982,390209,950282,1095077,751809,375542,81018,52045,302779,16908,285871,293838,10135,283703,4047719,2766759,47925,2718834,2576175,142659,1280960,4337320,2563105,7343,2555762,2407578,148184,1774215,2576175,1867420,288441,307698,107374,5242,2407578,1597383,422537,184232,199434,3992,2718834,2576175,142659,2555762,2407578,148184,10356895,1441351,632848,808503,8915544,4387413,4528131,"$42,475","$26,480","$32,373","$38,072","$57,884","$72,984","$49,470","$30,490","$37,761","$46,685","$72,761","$91,685","$36,208","$20,818","$26,390","$31,785","$48,288","$63,893"
GA_pct,,48.9%,3.1%,3.3%,3.6%,2.2%,4.9%,6.8%,6.5%,6.5%,5.9%,4.0%,1.7%,0.5%,51.1%,3.0%,3.2%,3.5%,2.1%,4.7%,7.0%,6.8%,6.8%,6.4%,4.7%,2.2%,0.9%,,11.8%,27.2%,28.0%,20.2%,9.1%,2.3%,1.5%,,13.1%,28.9%,26.3%,20.0%,7.9%,2.4%,1.5%,,10.6%,25.7%,29.6%,20.3%,10.2%,2.2%,1.4%,,5.6%,94.4%,,3.5%,96.6%,,68.4%,1.2%,67.2%,63.7%,3.5%,31.7%,,59.1%,0.2%,58.9%,55.5%,3.4%,40.9%,,72.5%,11.2%,11.9%,4.2%,0.2%,,66.4%,17.6%,7.7%,8.3%,0.2%,,94.8%,5.3%,,94.2%,5.8%,,13.9%,6.1%,7.8%,86.1%,42.4%,43.7%,,,,,,,,,,,,,,,,,,
Hawaii,1453498,732172,45527,44814,45331,24728,66691,105291,96263,88254,92087,75726,33531,13929,721326,42240,42166,42674,23540,55365,97249,92182,86904,93403,79928,40383,25292,1020422,74468,273929,321607,226399,83849,24381,15789,505081,35381,143573,161211,105752,36915,13100,9149,515341,39087,130356,160396,120647,46934,11281,6640,32888,1121,31767,30394,1057,29337,588065,407564,40082,367482,347922,19560,180501,586446,357237,7266,349971,332379,17592,229209,347922,214308,70807,42165,19973,669,332379,192081,71135,31975,36304,884,367482,347922,19560,349971,332379,17592,1414718,133740,62143,71597,1280978,644306,636672,"$45,635","$29,906","$37,220","$42,944","$54,765","$75,208","$53,018","$35,226","$42,317","$50,969","$65,105","$88,191","$40,246","$25,473","$31,226","$37,564","$48,246","$66,244"
HI_pct,,50.4%,3.1%,3.1%,3.1%,1.7%,4.6%,7.2%,6.6%,6.1%,6.3%,5.2%,2.3%,1.0%,49.6%,2.9%,2.9%,2.9%,1.6%,3.8%,6.7%,6.3%,6.0%,6.4%,5.5%,2.8%,1.7%,,7.3%,26.8%,31.5%,22.2%,8.2%,2.4%,1.6%,,7.0%,28.4%,31.9%,20.9%,7.3%,2.6%,1.8%,,7.6%,25.3%,31.1%,23.4%,9.1%,2.2%,1.3%,,3.4%,96.6%,,3.5%,96.5%,,69.3%,6.8%,62.5%,59.2%,3.3%,30.7%,,60.9%,1.2%,59.7%,56.7%,3.0%,39.1%,,61.6%,20.4%,12.1%,5.7%,0.2%,,57.8%,21.4%,9.6%,10.9%,0.3%,,94.7%,5.3%,,95.0%,5.0%,,9.5%,4.4%,5.1%,90.6%,45.5%,45.0%,,,,,,,,,,,,,,,,,,
Idaho,1811617,912529,58614,65157,69888,41468,86930,119690,118420,105995,109439,87447,38358,11123,899088,56355,61224,66826,39298,80660,115613,114768,101830,112344,90572,41927,17671,1185197,104683,314521,420711,231259,79872,19205,14946,590472,57177,164054,199101,108871,39242,12199,9828,594725,47506,150467,221610,122388,40630,7006,5118,52404,3063,49341,49344,1988,47356,704549,485200,4056,481144,461115,20029,219349,700696,402777,862,401915,386311,15604,297919,461115,316321,56642,63141,23829,1182,386311,237571,69040,40746,37738,1216,481144,461115,20029,401915,386311,15604,1780875,202560,91224,111336,1578315,801804,776511,"$38,577","$27,662","$32,313","$35,768","$48,330","$66,528","$46,493","$34,136","$38,681","$45,453","$62,396","$82,648","$30,182","$18,547","$24,741","$27,280","$39,864","$55,448"
ID_pct,,50.4%,3.2%,3.6%,3.9%,2.3%,4.8%,6.6%,6.5%,5.9%,6.0%,4.8%,2.1%,0.6%,49.6%,3.1%,3.4%,3.7%,2.2%,4.5%,6.4%,6.3%,5.6%,6.2%,5.0%,2.3%,1.0%,,8.8%,26.5%,35.5%,19.5%,6.7%,1.6%,1.3%,,9.7%,27.8%,33.7%,18.4%,6.7%,2.1%,1.7%,,8.0%,25.3%,37.3%,20.6%,6.8%,1.2%,0.9%,,5.8%,94.2%,,4.0%,96.0%,,68.9%,0.6%,68.3%,65.5%,2.8%,31.1%,,57.5%,0.1%,57.4%,55.1%,2.2%,42.5%,,68.6%,12.3%,13.7%,5.2%,0.3%,,61.5%,17.9%,10.6%,9.8%,0.3%,,95.8%,4.2%,,96.1%,3.9%,,11.4%,5.1%,6.3%,88.6%,45.0%,43.6%,,,,,,,,,,,,,,,,,,
Illinois,12821813,6332176,381213,397940,433292,262755,594874,882628,843768,819285,826202,559618,243598,87003,6489637,364468,383394,413063,251226,574710,868914,832953,821198,857195,630669,323653,168194,8764878,885321,2226182,2483806,1910757,920298,212604,125910,4262102,460172,1133246,1172109,915516,393387,118110,69562,4502776,425149,1092936,1311697,995241,526911,94494,56348,347015,14115,332900,330624,10351,320273,5031810,3522495,15056,3507439,3285186,222253,1509315,5244168,3182689,3614,3179075,2988287,190788,2061479,3285186,2405804,338054,338397,197209,5722,2988287,1960936,444268,195310,382605,5168,3507439,3285186,222253,3179075,2988287,190788,12529291,1483378,657599,825779,11045913,5503785,5542128,"$47,246","$28,305","$34,591","$41,162","$63,240","$81,497","$55,540","$32,724","$41,932","$51,824","$77,258","$101,638","$39,371","$22,015","$26,921","$33,257","$52,887","$69,421"
IL_pct,,49.4%,3.0%,3.1%,3.4%,2.1%,4.6%,6.9%,6.6%,6.4%,6.4%,4.4%,1.9%,0.7%,50.6%,2.8%,3.0%,3.2%,2.0%,4.5%,6.8%,6.5%,6.4%,6.7%,4.9%,2.5%,1.3%,,10.1%,25.4%,28.3%,21.8%,10.5%,2.4%,1.4%,,10.8%,26.6%,27.5%,21.5%,9.2%,2.8%,1.6%,,9.4%,24.3%,29.1%,22.1%,11.7%,2.1%,1.3%,,4.1%,95.9%,,3.1%,96.9%,,70.0%,0.3%,69.7%,65.3%,4.4%,30.0%,,60.7%,0.1%,60.6%,57.0%,3.6%,39.3%,,73.2%,10.3%,10.3%,6.0%,0.2%,,65.6%,14.9%,6.5%,12.8%,0.2%,,93.7%,6.3%,,94.0%,6.0%,,11.8%,5.3%,6.6%,88.2%,43.9%,44.2%,,,,,,,,,,,,,,,,,,
Indiana,6751340,3344360,213036,222731,237190,142459,336559,441929,423372,420733,433858,301294,127233,43966,3406980,202506,213179,225170,135816,321480,437003,420081,418213,448478,335267,166340,83447,4501214,460480,1485995,1301440,797977,334885,69354,51083,2192385,239818,760404,602124,377188,142331,40453,30067,2308829,220662,725591,699316,420789,192554,28901,21016,192271,10487,181784,184849,8334,176515,2621864,1803043,4239,1798804,1712086,86718,818821,2721365,1613128,519,1612609,1538837,73772,1108237,1712086,1298968,154134,156710,99378,2896,1538837,1023850,204663,92889,214944,2491,1798804,1712086,86718,1612609,1538837,73772,6550921,819005,362924,456081,5731916,2868014,2863902,"$42,112","$28,281","$34,547","$39,729","$53,845","$69,467","$50,879","$33,933","$42,335","$51,217","$68,066","$83,394","$34,298","$20,377","$26,469","$31,942","$45,135","$61,241"
IN_pct,,49.5%,3.2%,3.3%,3.5%,2.1%,5.0%,6.6%,6.3%,6.2%,6.4%,4.5%,1.9%,0.7%,50.5%,3.0%,3.2%,3.3%,2.0%,4.8%,6.5%,6.2%,6.2%,6.6%,5.0%,2.5%,1.2%,,10.2%,33.0%,28.9%,17.7%,7.4%,1.5%,1.1%,,10.9%,34.7%,27.5%,17.2%,6.5%,1.9%,1.4%,,9.6%,31.4%,30.3%,18.2%,8.3%,1.3%,0.9%,,5.5%,94.6%,,4.5%,95.5%,,68.8%,0.2%,68.6%,65.3%,3.3%,31.2%,,59.3%,0.0%,59.3%,56.6%,2.7%,40.7%,,75.9%,9.0%,9.2%,5.8%,0.2%,,66.5%,13.3%,6.0%,14.0%,0.2%,,95.2%,4.8%,,95.4%,4.6%,,12.5%,5.5%,7.0%,87.5%,43.8%,43.7%,,,,,,,,,,,,,,,,,,
Iowa,3179090,1590001,99307,105743,108860,65647,163285,201396,201886,188639,209780,152458,66406,26594,1589089,95263,99107,106302,61946,153746,193335,190776,183192,210338,160760,86783,47541,2119884,152380,648873,688911,423852,144056,34880,26932,1047159,82411,345108,325125,197910,60420,21010,15175,1072725,69969,303765,363786,225942,83636,13870,11757,91259,4039,87220,87499,3235,84264,1254676,893707,2312,891395,855577,35818,360969,1268973,795631,330,795301,765219,30082,473342,855577,612561,92643,106226,42275,1872,765219,479588,130329,55617,98275,1410,891395,855577,35818,795301,765219,30082,3084598,339695,151946,187749,2744903,1387355,1357548,"$43,578","$31,268","$35,389","$40,644","$55,185","$71,579","$51,562","$36,091","$42,604","$50,257","$67,627","$84,490","$36,116","$22,635","$26,634","$32,777","$46,647","$64,434"
IA_pct,,50.0%,3.1%,3.3%,3.4%,2.1%,5.1%,6.3%,6.4%,5.9%,6.6%,4.8%,2.1%,0.8%,50.0%,3.0%,3.1%,3.3%,2.0%,4.8%,6.1%,6.0%,5.8%,6.6%,5.1%,2.7%,1.5%,,7.2%,30.6%,32.5%,20.0%,6.8%,1.7%,1.3%,,7.9%,33.0%,31.1%,18.9%,5.8%,2.0%,1.5%,,6.5%,28.3%,33.9%,21.1%,7.8%,1.3%,1.1%,,4.4%,95.6%,,3.7%,96.3%,,71.2%,0.2%,71.1%,68.2%,2.9%,28.8%,,62.7%,0.0%,62.7%,60.3%,2.4%,37.3%,,71.6%,10.8%,12.4%,4.9%,0.2%,,62.7%,17.0%,7.3%,12.8%,0.2%,,96.0%,4.0%,,96.2%,3.8%,,11.0%,4.9%,6.1%,89.0%,45.0%,44.0%,,,,,,,,,,,,,,,,,,
Kansas,2932099,1468152,95187,104105,104313,62942,154246,193833,186672,170798,185544,132021,56124,22367,1463947,90089,98651,99835,59029,141751,184148,179951,166457,190520,141352,72067,40097,1921951,161293,493339,606084,415201,181958,37562,26514,947359,87392,257558,288325,196959,79789,22062,15274,974592,73901,235781,317759,218242,102169,15500,11240,85060,4052,81008,80643,2656,77987,1143513,816035,16374,799661,765976,33685,327478,1155964,714395,1993,712402,684240,28162,441569,765976,541733,99903,87160,35578,1602,684240,417951,133209,50735,80790,1555,799661,765976,33685,712402,684240,28162,2850702,327209,144459,182750,2523493,1276025,1247468,"$43,070","$29,301","$33,428","$39,037","$54,255","$66,495","$50,999","$34,630","$40,339","$47,399","$67,449","$83,962","$35,533","$20,785","$25,719","$31,750","$45,078","$57,665"
KS_pct,,50.1%,3.3%,3.6%,3.6%,2.2%,5.3%,6.6%,6.4%,5.8%,6.3%,4.5%,1.9%,0.8%,49.9%,3.1%,3.4%,3.4%,2.0%,4.8%,6.3%,6.1%,5.7%,6.5%,4.8%,2.5%,1.4%,,8.4%,25.7%,31.5%,21.6%,9.5%,2.0%,1.4%,,9.2%,27.2%,30.4%,20.8%,8.4%,2.3%,1.6%,,7.6%,24.2%,32.6%,22.4%,10.5%,1.6%,1.2%,,4.8%,95.2%,,3.3%,96.7%,,71.4%,1.4%,69.9%,67.0%,3.0%,28.6%,,61.8%,0.2%,61.6%,59.2%,2.4%,38.2%,,70.7%,13.0%,11.4%,4.6%,0.2%,,61.1%,19.5%,7.4%,11.8%,0.2%,,95.8%,4.2%,,96.1%,4.0%,,11.5%,5.1%,6.4%,88.5%,44.8%,43.8%,,,,,,,,,,,,,,,,,,
Kentucky,4494141,2223783,139220,144884,149328,91259,215116,294612,281148,286360,293125,212674,90249,25808,2270358,131639,134664,146208,84707,203552,287128,279778,286676,309886,237606,119685,48829,3053564,376963,1000507,891024,461841,232970,56514,33745,1483976,202214,519372,401205,224197,88754,30083,18151,1569588,174749,481135,489819,237644,144216,26431,15594,121042,6165,114877,114997,4046,110951,1759011,1123279,12443,1110836,1049398,61438,635732,1829198,1012709,1665,1011044,959787,51257,816489,1049398,768024,120890,107027,50348,3109,959787,622565,167816,58431,108612,2363,1110836,1049398,61438,1011044,959787,51257,4359181,709140,315632,393508,3650041,1829789,1820252,"$39,631","$24,576","$32,141","$37,128","$52,666","$62,007","$45,889","$28,679","$38,467","$46,623","$62,870","$74,395","$33,254","$19,051","$25,089","$30,679","$44,195","$56,467"
KY_pct,,49.5%,3.1%,3.2%,3.3%,2.0%,4.8%,6.6%,6.3%,6.4%,6.5%,4.7%,2.0%,0.6%,50.5%,2.9%,3.0%,3.3%,1.9%,4.5%,6.4%,6.2%,6.4%,6.9%,5.3%,2.7%,1.1%,,12.4%,32.8%,29.2%,15.1%,7.6%,1.9%,1.1%,,13.6%,35.0%,27.0%,15.1%,6.0%,2.0%,1.2%,,11.1%,30.7%,31.2%,15.1%,9.2%,1.7%,1.0%,,5.1%,94.9%,,3.5%,96.5%,,63.9%,0.7%,63.2%,59.7%,3.5%,36.1%,,55.4%,0.1%,55.3%,52.5%,2.8%,44.6%,,73.2%,11.5%,10.2%,4.8%,0.3%,,64.9%,17.5%,6.1%,11.3%,0.3%,,94.5%,5.5%,,94.9%,5.1%,,16.3%,7.2%,9.0%,83.7%,42.0%,41.8%,,,,,,,,,,,,,,,,,,
Louisiana,4657305,2283561,151391,153155,162798,94784,215072,321954,298693,272146,293109,206992,84806,28661,2373744,145968,147702,155675,89610,207295,325281,302520,283509,314197,236480,115243,50264,3133855,431595,1036204,865973,511447,200435,56205,31996,1506361,234573,529488,392370,227069,72846,31941,18074,1627494,197022,506716,473603,284378,127589,24264,13922,124062,6645,117417,115896,5495,110401,1785133,1132844,16709,1116135,1035878,80257,652289,1894388,1046865,2794,1044071,978029,66042,847523,1035878,736995,124318,128275,44385,1905,978029,623655,186769,73650,92268,1687,1116135,1035878,80257,1044071,978029,66042,4531545,850486,370883,479603,3681059,1826609,1854450,"$40,242","$25,106","$32,129","$36,470","$53,441","$62,283","$50,601","$31,270","$42,703","$48,802","$68,168","$83,464","$31,764","$17,575","$23,416","$29,519","$45,107","$54,323"
LA_pct,,49.0%,3.3%,3.3%,3.5%,2.0%,4.6%,6.9%,6.4%,5.8%,6.3%,4.4%,1.8%,0.6%,51.0%,3.1%,3.2%,3.3%,1.9%,4.5%,7.0%,6.5%,6.1%,6.8%,5.1%,2.5%,1.1%,,13.8%,33.1%,27.6%,16.3%,6.4%,1.8%,1.0%,,15.6%,35.2%,26.1%,15.1%,4.8%,2.1%,1.2%,,12.1%,31.1%,29.1%,17.5%,7.8%,1.5%,0.9%,,5.4%,94.6%,,4.7%,95.3%,,63.5%,0.9%,62.5%,58.0%,4.5%,36.5%,,55.3%,0.2%,55.1%,51.6%,3.5%,44.7%,,71.2%,12.0%,12.4%,4.3%,0.2%,,63.8%,19.1%,7.5%,9.4%,0.2%,,92.8%,7.2%,,93.7%,6.3%,,18.8%,8.2%,10.6%,81.2%,40.3%,40.9%,,,,,,,,,,,,,,,,,,
Maine,1357046,668308,32899,35609,38348,24154,54992,81330,78454,88903,104428,82589,35269,11333,688738,31033,33921,35708,22913,52569,80921,79853,90204,109986,88670,42366,20594,994900,62607,307382,290461,209253,89039,21308,14850,482306,35657,161256,137092,94014,34641,11734,7912,512594,26950,146126,153369,115239,54398,9574,6938,33512,1311,32201,31606,1008,30598,553957,367321,1687,365634,348450,17184,186636,580836,345900,184,345716,332737,12979,234936,348450,219824,42225,56209,29695,497,332737,186255,50397,30888,64482,715,365634,348450,17184,345716,332737,12979,1321489,145992,65660,80332,1175497,584287,591210,"$41,635","$28,743","$33,235","$39,285","$49,504","$64,713","$47,437","$34,452","$39,667","$46,457","$58,502","$76,223","$36,039","$21,153","$26,705","$33,078","$42,971","$58,313"
ME_pct,,49.3%,2.4%,2.6%,2.8%,1.8%,4.1%,6.0%,5.8%,6.6%,7.7%,6.1%,2.6%,0.8%,50.8%,2.3%,2.5%,2.6%,1.7%,3.9%,6.0%,5.9%,6.7%,8.1%,6.5%,3.1%,1.5%,,6.3%,30.9%,29.2%,21.0%,9.0%,2.1%,1.5%,,7.4%,33.4%,28.4%,19.5%,7.2%,2.4%,1.6%,,5.3%,28.5%,29.9%,22.5%,10.6%,1.9%,1.4%,,3.9%,96.1%,,3.2%,96.8%,,66.3%,0.3%,66.0%,62.9%,3.1%,33.7%,,59.6%,0.0%,59.5%,57.3%,2.2%,40.5%,,63.1%,12.1%,16.1%,8.5%,0.1%,,56.0%,15.2%,9.3%,19.4%,0.2%,,95.3%,4.7%,,96.3%,3.8%,,11.1%,5.0%,6.1%,89.0%,44.2%,44.7%,,,,,,,,,,,,,,,,,,
Maryland,6148545,2995146,185279,191750,204033,120450,270938,412275,395351,398574,401452,261463,114345,39236,3153399,178187,185444,192426,115580,263663,417624,410034,421672,433923,308315,152385,74146,4240795,391353,1014292,1072668,934036,578591,134194,115661,2022696,205213,515553,484496,438484,242643,72431,63876,2218099,186140,498739,588172,495552,335948,61763,51785,161034,5784,155250,153693,3794,149899,2374155,1706122,26868,1679254,1590284,88970,668033,2557410,1624157,6927,1617230,1530693,86537,933253,1590284,998245,314341,164586,110448,2664,1530693,847821,368761,104475,206863,2773,1679254,1590284,88970,1617230,1530693,86537,6006777,550074,238213,311861,5456703,2671997,2784706,"$55,778","$30,084","$39,306","$47,767","$69,361","$93,187","$63,153","$36,156","$45,052","$55,948","$82,543","$111,250","$49,695","$21,792","$32,143","$41,163","$59,416","$81,185"
MD_pct,,48.7%,3.0%,3.1%,3.3%,2.0%,4.4%,6.7%,6.4%,6.5%,6.5%,4.3%,1.9%,0.6%,51.3%,2.9%,3.0%,3.1%,1.9%,4.3%,6.8%,6.7%,6.9%,7.1%,5.0%,2.5%,1.2%,,9.2%,23.9%,25.3%,22.0%,13.6%,3.2%,2.7%,,10.2%,25.5%,24.0%,21.7%,12.0%,3.6%,3.2%,,8.4%,22.5%,26.5%,22.3%,15.2%,2.8%,2.3%,,3.6%,96.4%,,2.5%,97.5%,,71.9%,1.1%,70.7%,67.0%,3.8%,28.1%,,63.5%,0.3%,63.2%,59.9%,3.4%,36.5%,,62.8%,19.8%,10.4%,7.0%,0.2%,,55.4%,24.1%,6.8%,13.5%,0.2%,,94.7%,5.3%,,94.7%,5.4%,,9.2%,4.0%,5.2%,90.8%,44.5%,46.4%,,,,,,,,,,,,,,,,,,
Massachusetts,6991852,3413174,183397,189716,208481,129924,345976,495954,432400,450590,468917,318673,134840,54306,3578678,174546,182121,197419,124120,353284,494669,440996,468840,494471,364247,179444,104521,4902868,433215,1137085,1116219,1215939,701003,151981,147426,2355680,217023,588877,504098,582287,299697,80224,83474,2547188,216192,548208,612121,633652,401306,71757,63952,191757,6883,184874,192626,3686,188940,2789120,1987584,4591,1982993,1869455,113538,801536,2984786,1894900,915,1893985,1797564,96421,1089886,1869455,1301109,197527,195266,172600,2953,1797564,1096599,257528,125116,315356,2965,1982993,1869455,113538,1893985,1797564,96421,6756217,668780,292618,376162,6087437,3006617,3080820,"$56,305","$30,550","$40,368","$45,375","$69,281","$89,500","$65,549","$35,379","$48,423","$54,724","$83,201","$109,640","$48,380","$24,451","$31,028","$38,922","$58,303","$77,793"
MA_pct,,48.8%,2.6%,2.7%,3.0%,1.9%,5.0%,7.1%,6.2%,6.4%,6.7%,4.6%,1.9%,0.8%,51.2%,2.5%,2.6%,2.8%,1.8%,5.1%,7.1%,6.3%,6.7%,7.1%,5.2%,2.6%,1.5%,,8.8%,23.2%,22.8%,24.8%,14.3%,3.1%,3.0%,,9.2%,25.0%,21.4%,24.7%,12.7%,3.4%,3.5%,,8.5%,21.5%,24.0%,24.9%,15.8%,2.8%,2.5%,,3.6%,96.4%,,1.9%,98.1%,,71.3%,0.2%,71.1%,67.0%,4.1%,28.7%,,63.5%,0.0%,63.5%,60.2%,3.2%,36.5%,,69.6%,10.6%,10.5%,9.2%,0.2%,,61.0%,14.3%,7.0%,17.5%,0.2%,,94.3%,5.7%,,94.9%,5.1%,,9.9%,4.3%,5.6%,90.1%,44.5%,45.6%,,,,,,,,,,,,,,,,,,
Michigan,10062512,4983325,288862,306114,324974,202816,484335,658800,597211,638651,696811,498907,211710,74134,5079187,275955,288805,309219,192111,466189,640235,595069,643527,719772,547999,266360,133946,6923132,582901,1971279,2249290,1287856,615472,130123,86211,3376224,308355,1003509,1052807,613113,271926,75619,50895,3546908,274546,967770,1196483,674743,343546,54504,35316,270893,12602,258291,259744,8631,251113,3995016,2631775,4256,2627519,2457622,169897,1363241,4141477,2376131,690,2375441,2234787,140654,1765346,2457622,1849192,211065,250812,142278,4275,2234787,1487991,294927,143891,304454,3524,2627519,2457622,169897,2375441,2234787,140654,9850305,1310058,590621,719437,8540247,4269643,4270604,"$42,598","$25,229","$32,329","$38,426","$57,536","$76,175","$51,558","$30,256","$39,264","$48,102","$72,769","$94,824","$34,646","$19,352","$25,335","$31,511","$46,516","$64,189"
MI_pct,,49.5%,2.9%,3.0%,3.2%,2.0%,4.8%,6.6%,5.9%,6.4%,6.9%,5.0%,2.1%,0.7%,50.5%,2.7%,2.9%,3.1%,1.9%,4.6%,6.4%,5.9%,6.4%,7.2%,5.5%,2.7%,1.3%,,8.4%,28.5%,32.5%,18.6%,8.9%,1.9%,1.3%,,9.1%,29.7%,31.2%,18.2%,8.1%,2.2%,1.5%,,7.7%,27.3%,33.7%,19.0%,9.7%,1.5%,1.0%,,4.7%,95.4%,,3.3%,96.7%,,65.9%,0.1%,65.8%,61.5%,4.3%,34.1%,,57.4%,0.0%,57.4%,54.0%,3.4%,42.6%,,75.2%,8.6%,10.2%,5.8%,0.2%,,66.6%,13.2%,6.4%,13.6%,0.2%,,93.5%,6.5%,,94.1%,5.9%,,13.3%,6.0%,7.3%,86.7%,43.4%,43.4%,,,,,,,,,,,,,,,,,,
Minnesota,5670472,2839135,178137,190312,193180,115182,253407,385927,377602,349494,381387,260417,111717,42373,2831337,170331,179033,187238,110156,245995,370288,361112,339102,381072,275175,138605,73230,3847501,247610,919096,1235333,944751,354504,87755,58452,1908917,131829,486284,601199,452988,155311,49425,31881,1938584,115781,432812,634134,491763,199193,38330,26571,150279,6054,144225,143363,3895,139468,2238344,1627981,3379,1624602,1552811,71791,610363,2257608,1481832,650,1481182,1427666,53516,775776,1552811,1109786,153722,174412,112023,2868,1427666,879450,214319,98278,233581,2038,1624602,1552811,71791,1481182,1427666,53516,5550433,512312,232157,280155,5038121,2543605,2494516,"$49,544","$29,878","$36,541","$44,038","$63,024","$79,928","$56,277","$34,159","$42,651","$53,147","$75,222","$94,537","$42,258","$22,974","$29,334","$36,975","$53,553","$71,521"
MN_pct,,50.1%,3.1%,3.4%,3.4%,2.0%,4.5%,6.8%,6.7%,6.2%,6.7%,4.6%,2.0%,0.8%,49.9%,3.0%,3.2%,3.3%,1.9%,4.3%,6.5%,6.4%,6.0%,6.7%,4.9%,2.4%,1.3%,,6.4%,23.9%,32.1%,24.6%,9.2%,2.3%,1.5%,,6.9%,25.5%,31.5%,23.7%,8.1%,2.6%,1.7%,,6.0%,22.3%,32.7%,25.4%,10.3%,2.0%,1.4%,,4.0%,96.0%,,2.7%,97.3%,,72.7%,0.2%,72.6%,69.4%,3.2%,27.3%,,65.6%,0.0%,65.6%,63.2%,2.4%,34.4%,,71.5%,9.9%,11.2%,7.2%,0.2%,,61.6%,15.0%,6.9%,16.4%,0.1%,,95.6%,4.4%,,96.4%,3.6%,,9.2%,4.2%,5.1%,90.8%,45.8%,44.9%,,,,,,,,,,,,,,,,,,
Mississippi,2967023,1444255,93586,93551,110455,63283,145668,187783,181643,176219,183705,134243,58641,15478,1522768,88560,94546,102156,59917,141196,192844,190763,187899,200318,153935,78431,32203,1974105,283522,588217,643438,280355,127528,29987,21058,937712,154428,303003,286430,121467,44712,16747,10925,1036393,129094,285214,357008,158888,82816,13240,10133,87158,5441,81717,83820,3802,80018,1126346,686436,10727,675709,630184,45525,439910,1218071,658602,2344,656258,610606,45652,559469,630184,444184,89189,70894,24159,1758,610606,386596,138246,37134,46844,1786,675709,630184,45525,656258,610606,45652,2874132,557111,238709,318402,2317021,1145846,1171175,"$36,241","$23,255","$30,160","$34,039","$46,360","$59,929","$43,321","$29,448","$36,905","$43,371","$57,076","$77,283","$30,434","$16,096","$22,378","$27,947","$40,632","$52,480"
MS_pct,,48.7%,3.2%,3.2%,3.7%,2.1%,4.9%,6.3%,6.1%,5.9%,6.2%,4.5%,2.0%,0.5%,51.3%,3.0%,3.2%,3.4%,2.0%,4.8%,6.5%,6.4%,6.3%,6.8%,5.2%,2.6%,1.1%,,14.4%,29.8%,32.6%,14.2%,6.5%,1.5%,1.1%,,16.5%,32.3%,30.6%,13.0%,4.8%,1.8%,1.2%,,12.5%,27.5%,34.5%,15.3%,8.0%,1.3%,1.0%,,6.2%,93.8%,,4.5%,95.5%,,60.9%,1.0%,60.0%,56.0%,4.0%,39.1%,,54.1%,0.2%,53.9%,50.1%,3.8%,45.9%,,70.5%,14.2%,11.3%,3.8%,0.3%,,63.3%,22.6%,6.1%,7.7%,0.3%,,93.3%,6.7%,,93.0%,7.0%,,19.4%,8.3%,11.1%,80.6%,39.9%,40.8%,,,,,,,,,,,,,,,,,,
Missouri,6141534,3027741,188129,196550,205388,123453,286303,406863,383011,369588,406898,287399,130452,43707,3113793,179003,183572,198719,117561,275037,407488,380073,374543,425519,324210,169217,78851,4187819,377539,1276601,1248480,789957,363092,78069,54081,2027918,197290,654557,576298,376037,148498,44217,31021,2159901,180249,622044,672182,413920,214594,33852,23060,165727,8200,157527,156589,6706,149883,2396883,1613327,15371,1597956,1523859,74097,783556,2513894,1490868,4038,1486830,1422107,64723,1023026,1523859,1100475,160168,163248,96548,3420,1422107,912819,207616,94664,204354,2654,1597956,1523859,74097,1486830,1422107,64723,5967909,762023,338772,423251,5205886,2590015,2615871,"$41,659","$26,400","$32,836","$38,030","$53,696","$66,301","$49,047","$31,478","$39,464","$45,973","$65,568","$83,221","$35,215","$19,861","$26,263","$31,965","$44,624","$58,066"
MO_pct,,49.3%,3.1%,3.2%,3.3%,2.0%,4.7%,6.6%,6.2%,6.0%,6.6%,4.7%,2.1%,0.7%,50.7%,2.9%,3.0%,3.2%,1.9%,4.5%,6.6%,6.2%,6.1%,6.9%,5.3%,2.8%,1.3%,,9.0%,30.5%,29.8%,18.9%,8.7%,1.9%,1.3%,,9.7%,32.3%,28.4%,18.5%,7.3%,2.2%,1.5%,,8.4%,28.8%,31.1%,19.2%,9.9%,1.6%,1.1%,,5.0%,95.1%,,4.3%,95.7%,,67.3%,0.6%,66.7%,63.6%,3.1%,32.7%,,59.3%,0.2%,59.1%,56.6%,2.6%,40.7%,,72.2%,10.5%,10.7%,6.3%,0.2%,,64.2%,14.6%,6.7%,14.4%,0.2%,,95.4%,4.6%,,95.7%,4.4%,,12.8%,5.7%,7.1%,87.2%,43.4%,43.8%,,,,,,,,,,,,,,,,,,
Montana,1077978,545671,31226,33436,34933,20506,52356,70343,68258,62006,74706,62808,27422,7671,532307,29140,31527,32575,19472,46345,67748,64583,59516,76848,62660,29182,12711,746462,42160,207496,245580,166825,57507,15666,11228,373214,23630,110899,117245,80437,25347,9203,6453,373248,18530,96597,128335,86388,32160,6463,4775,28635,1763,26872,25697,1218,24479,439629,294384,2651,291733,279338,12395,145245,432970,257760,549,257211,247303,9908,175210,279338,171998,39680,49521,17185,954,247303,134294,48257,29486,34512,754,291733,279338,12395,257211,247303,9908,1053304,131512,63069,68443,921792,468780,453012,"$38,418","$25,708","$31,548","$34,810","$44,997","$62,028","$45,115","$31,006","$38,365","$42,719","$55,036","$73,568","$32,095","$17,421","$24,728","$29,115","$39,278","$54,171"
MT_pct,,50.6%,2.9%,3.1%,3.2%,1.9%,4.9%,6.5%,6.3%,5.8%,6.9%,5.8%,2.5%,0.7%,49.4%,2.7%,2.9%,3.0%,1.8%,4.3%,6.3%,6.0%,5.5%,7.1%,5.8%,2.7%,1.2%,,5.7%,27.8%,32.9%,22.4%,7.7%,2.1%,1.5%,,6.3%,29.7%,31.4%,21.6%,6.8%,2.5%,1.7%,,5.0%,25.9%,34.4%,23.1%,8.6%,1.7%,1.3%,,6.2%,93.8%,,4.7%,95.3%,,67.0%,0.6%,66.4%,63.5%,2.8%,33.0%,,59.5%,0.1%,59.4%,57.1%,2.3%,40.5%,,61.6%,14.2%,17.7%,6.2%,0.3%,,54.3%,19.5%,11.9%,14.0%,0.3%,,95.8%,4.3%,,96.2%,3.9%,,12.5%,6.0%,6.5%,87.5%,44.5%,43.0%,,,,,,,,,,,,,,,,,,
Nebraska,1951480,978863,66837,69746,71254,42180,96823,130233,127143,113342,122246,86805,37956,14298,972617,63563,65190,67848,39292,93432,124874,120806,108169,122731,93193,46589,26930,1275315,105606,326345,423189,274664,103385,24415,17711,632023,56827,170751,206004,130004,45067,13847,9523,643292,48779,155594,217185,144660,58318,10568,8188,56215,2027,54188,52932,1621,51311,756648,558261,5076,553185,534807,18378,198387,762767,494105,827,493278,477182,16096,268662,534807,371748,63218,67673,30854,1314,477182,290969,81337,36944,67183,749,553185,534807,18378,493278,477182,16096,1899516,195455,87408,108047,1704061,863086,840975,"$43,626","$30,643","$34,294","$40,386","$53,735","$68,217","$51,328","$34,816","$41,413","$50,328","$64,608","$80,228","$36,421","$23,279","$26,681","$32,070","$45,728","$62,592"
NE_pct,,50.2%,3.4%,3.6%,3.7%,2.2%,5.0%,6.7%,6.5%,5.8%,6.3%,4.5%,1.9%,0.7%,49.8%,3.3%,3.3%,3.5%,2.0%,4.8%,6.4%,6.2%,5.5%,6.3%,4.8%,2.4%,1.4%,,8.3%,25.6%,33.2%,21.5%,8.1%,1.9%,1.4%,,9.0%,27.0%,32.6%,20.6%,7.1%,2.2%,1.5%,,7.6%,24.2%,33.8%,22.5%,9.1%,1.6%,1.3%,,3.6%,96.4%,,3.1%,96.9%,,73.8%,0.7%,73.1%,70.7%,2.4%,26.2%,,64.8%,0.1%,64.7%,62.6%,2.1%,35.2%,,69.5%,11.8%,12.7%,5.8%,0.3%,,61.0%,17.1%,7.7%,14.1%,0.2%,,96.7%,3.3%,,96.7%,3.3%,,10.3%,4.6%,5.7%,89.7%,45.4%,44.3%,,,,,,,,,,,,,,,,,,
Nevada,3059238,1541789,92638,98171,104066,60095,127781,225322,210823,202732,191222,145580,65338,18021,1517449,88791,92791,100108,57370,120709,217477,202487,193702,190546,156269,71380,25819,2116718,274760,587588,702767,359703,134479,36237,21184,1059038,139594,301913,346012,176463,61416,21702,11938,1057680,135166,285675,356755,183240,73063,14535,9246,76316,4289,72027,69377,3247,66130,1227590,837643,8625,829018,770283,58735,389947,1215518,711954,2013,709941,659164,50777,503564,770283,592686,79016,75915,21136,1530,659164,474700,97854,51855,33575,1180,829018,770283,58735,709941,659164,50777,3018139,388814,178731,210083,2629325,1334834,1294491,"$40,954","$30,537","$34,782","$40,539","$52,261","$71,808","$44,831","$34,072","$39,355","$46,172","$60,521","$84,792","$36,242","$25,005","$30,612","$34,995","$46,135","$63,530"
NV_pct,,50.4%,3.0%,3.2%,3.4%,2.0%,4.2%,7.4%,6.9%,6.6%,6.3%,4.8%,2.1%,0.6%,49.6%,2.9%,3.0%,3.3%,1.9%,4.0%,7.1%,6.6%,6.3%,6.2%,5.1%,2.3%,0.8%,,13.0%,27.8%,33.2%,17.0%,6.4%,1.7%,1.0%,,13.2%,28.5%,32.7%,16.7%,5.8%,2.1%,1.1%,,12.8%,27.0%,33.7%,17.3%,6.9%,1.4%,0.9%,,5.6%,94.4%,,4.7%,95.3%,,68.2%,0.7%,67.5%,62.8%,4.8%,31.8%,,58.6%,0.2%,58.4%,54.2%,4.2%,41.4%,,76.9%,10.3%,9.9%,2.7%,0.2%,,72.0%,14.9%,7.9%,5.1%,0.2%,,92.9%,7.1%,,92.9%,7.2%,,12.9%,5.9%,7.0%,87.1%,44.2%,42.9%,,,,,,,,,,,,,,,,,,
New Hampshire,1372175,683846,32295,36298,39656,25252,63936,88591,81058,93522,107461,75070,30331,10376,688329,31214,32468,39337,24095,61518,82968,79577,93706,109087,79052,37432,17875,986106,62809,269342,276920,230314,110986,19946,15789,486409,35312,142062,128941,112298,47550,11014,9232,499697,27497,127280,147979,118016,63436,8932,6557,36342,1117,35225,35848,883,34965,567486,405469,2037,403432,386756,16676,162017,577282,364324,303,364021,351750,12271,212958,386756,271541,41830,45093,27669,623,351750,214383,54688,24349,57433,897,403432,386756,16676,364021,351750,12271,1330682,98429,42910,55519,1232253,620472,611781,"$50,653","$32,238","$40,522","$44,423","$62,110","$76,646","$59,043","$37,043","$47,520","$55,571","$78,443","$98,645","$41,881","$24,630","$31,567","$36,735","$50,143","$66,491"
NH_pct,,49.8%,2.4%,2.7%,2.9%,1.8%,4.7%,6.5%,5.9%,6.8%,7.8%,5.5%,2.2%,0.8%,50.2%,2.3%,2.4%,2.9%,1.8%,4.5%,6.1%,5.8%,6.8%,8.0%,5.8%,2.7%,1.3%,,6.4%,27.3%,28.1%,23.4%,11.3%,2.0%,1.6%,,7.3%,29.2%,26.5%,23.1%,9.8%,2.3%,1.9%,,5.5%,25.5%,29.6%,23.6%,12.7%,1.8%,1.3%,,3.1%,96.9%,,2.5%,97.5%,,71.5%,0.4%,71.1%,68.2%,2.9%,28.6%,,63.1%,0.1%,63.1%,60.9%,2.1%,36.9%,,70.2%,10.8%,11.7%,7.2%,0.2%,,61.0%,15.6%,6.9%,16.3%,0.3%,,95.9%,4.1%,,96.6%,3.4%,,7.4%,3.2%,4.2%,92.6%,46.6%,46.0%,,,,,,,,,,,,,,,,,,
New Jersey,9234024,4539311,271646,287097,299463,185406,399356,597528,598712,624281,622721,403049,182138,67914,4694713,258730,270750,290610,176740,382620,582308,598294,640890,652356,463869,246504,131042,6411606,608877,1693560,1448316,1611515,763884,178003,107451,3096343,305597,828670,687796,765676,345393,101971,61240,3315263,303280,864890,760520,845839,418491,76032,46211,239831,7029,232802,225699,4475,221224,3620134,2581133,9160,2571973,2412912,159061,1039001,3816159,2323903,2001,2321902,2175990,145912,1492256,2412912,1752851,281433,254423,120870,3335,2175990,1464189,357060,140109,211389,3243,2571973,2412912,159061,2321902,2175990,145912,9058493,883896,386262,497634,8174597,4051768,4122829,"$54,761","$27,628","$36,977","$45,305","$71,296","$95,523","$64,179","$32,582","$44,480","$55,108","$85,507","$117,249","$44,973","$20,772","$29,298","$37,649","$60,705","$78,728"
NJ_pct,,49.2%,2.9%,3.1%,3.2%,2.0%,4.3%,6.5%,6.5%,6.8%,6.7%,4.4%,2.0%,0.7%,50.8%,2.8%,2.9%,3.2%,1.9%,4.1%,6.3%,6.5%,6.9%,7.1%,5.0%,2.7%,1.4%,,9.5%,26.4%,22.6%,25.1%,11.9%,2.8%,1.7%,,9.9%,26.8%,22.2%,24.7%,11.2%,3.3%,2.0%,,9.2%,26.1%,22.9%,25.5%,12.6%,2.3%,1.4%,,2.9%,97.1%,,2.0%,98.0%,,71.3%,0.3%,71.1%,66.7%,4.4%,28.7%,,60.9%,0.1%,60.8%,57.0%,3.8%,39.1%,,72.6%,11.7%,10.5%,5.0%,0.1%,,67.3%,16.4%,6.4%,9.7%,0.2%,,93.8%,6.2%,,93.7%,6.3%,,9.8%,4.3%,5.5%,90.2%,44.7%,45.5%,,,,,,,,,,,,,,,,,,
New Mexico,2109366,1048448,61578,68043,74617,43125,102046,144760,131926,119662,132493,106777,47392,16029,1060918,59138,64912,72068,41845,95355,135745,128797,121435,142280,118105,55735,25503,1426639,188715,371398,459485,225538,127471,27269,26763,699039,98551,195280,215761,103784,53962,14768,16933,727600,90164,176118,243724,121754,73509,12501,9830,59240,3978,55262,56512,3303,53209,830936,509653,10119,499534,465393,34141,321283,851632,454807,1777,453030,424035,28995,396825,465393,291241,94212,52099,26706,1135,424035,237910,108044,33935,43421,725,499534,465393,34141,453030,424035,28995,2067620,378896,174816,204080,1688724,844738,843986,"$37,162","$22,328","$29,716","$34,373","$48,063","$67,285","$42,431","$28,102","$34,492","$41,670","$54,571","$84,672","$32,079","$16,518","$24,050","$29,551","$43,146","$59,603"
NM_pct,,49.7%,2.9%,3.2%,3.5%,2.0%,4.8%,6.9%,6.3%,5.7%,6.3%,5.1%,2.3%,0.8%,50.3%,2.8%,3.1%,3.4%,2.0%,4.5%,6.4%,6.1%,5.8%,6.8%,5.6%,2.6%,1.2%,,13.2%,26.0%,32.2%,15.8%,8.9%,1.9%,1.9%,,14.1%,27.9%,30.9%,14.9%,7.7%,2.1%,2.4%,,12.4%,24.2%,33.5%,16.7%,10.1%,1.7%,1.4%,,6.7%,93.3%,,5.8%,94.2%,,61.3%,1.2%,60.1%,56.0%,4.1%,38.7%,,53.4%,0.2%,53.2%,49.8%,3.4%,46.6%,,62.6%,20.2%,11.2%,5.7%,0.2%,,56.1%,25.5%,8.0%,10.2%,0.2%,,93.2%,6.8%,,93.6%,6.4%,,18.3%,8.5%,9.9%,81.7%,40.9%,40.8%,,,,,,,,,,,,,,,,,,
New York,20114745,9821711,590167,577739,620488,370896,910475,1449506,1264814,1275357,1310482,895711,400262,155814,10293034,564209,553646,586601,353650,905794,1455137,1280662,1321767,1393196,1034154,548526,295692,14081080,1769657,3553598,3391113,2996306,1706772,433494,230140,6751946,879139,1773724,1618275,1440091,676899,238598,125220,7329134,890518,1779874,1772838,1556215,1029873,194896,104920,510647,19063,491584,494011,14459,479552,7910852,5335192,22357,5312835,4963131,349704,2575660,8472575,4996535,2940,4993595,4700386,293209,3476040,4963131,3301131,694725,573449,386220,7606,4700386,2812715,849280,345360,685420,7611,5312835,4963131,349704,4993595,4700386,293209,19604130,2636823,1169005,1467818,16967307,8373610,8593697,"$49,839","$26,419","$34,972","$42,959","$65,442","$84,024","$55,067","$30,786","$41,575","$50,982","$75,546","$100,859","$43,615","$21,242","$28,276","$36,816","$57,124","$75,244"
NY_pct,,48.8%,2.9%,2.9%,3.1%,1.8%,4.5%,7.2%,6.3%,6.3%,6.5%,4.5%,2.0%,0.8%,51.2%,2.8%,2.8%,2.9%,1.8%,4.5%,7.2%,6.4%,6.6%,6.9%,5.1%,2.7%,1.5%,,12.6%,25.2%,24.1%,21.3%,12.1%,3.1%,1.6%,,13.0%,26.3%,24.0%,21.3%,10.0%,3.5%,1.9%,,12.2%,24.3%,24.2%,21.2%,14.1%,2.7%,1.4%,,3.7%,96.3%,,2.9%,97.1%,,67.4%,0.3%,67.2%,62.7%,4.4%,32.6%,,59.0%,0.0%,58.9%,55.5%,3.5%,41.0%,,66.5%,14.0%,11.6%,7.8%,0.2%,,59.8%,18.1%,7.4%,14.6%,0.2%,,93.4%,6.6%,,94.1%,5.9%,,13.5%,6.0%,7.5%,86.6%,42.7%,43.8%,,,,,,,,,,,,,,,,,,
North Carolina,10367022,5067666,304889,319048,346840,205862,504452,680742,642983,668994,647688,477261,205600,63307,5299356,289115,308334,329006,199221,475379,695259,668015,692480,702480,553464,268601,118002,7084876,776686,1787594,2181433,1481848,621189,134988,101138,3386575,424763,910906,982885,679360,257843,75142,55676,3698301,351923,876688,1198548,802488,363346,59846,45462,287119,13582,273537,278049,9191,268858,4028731,2730180,90491,2639689,2499821,139868,1298551,4307800,2489422,9714,2479708,2345947,133761,1818378,2499821,1804711,278744,286374,125168,4824,2345947,1542888,395504,175210,227450,4895,2639689,2499821,139868,2479708,2345947,133761,10092759,1379672,602046,777626,8713087,4300804,4412283,"$40,954","$25,686","$31,461","$36,715","$54,286","$68,897","$46,664","$29,333","$36,175","$43,992","$68,991","$91,513","$35,327","$19,408","$25,727","$31,294","$45,868","$58,153"
NC_pct,,48.9%,2.9%,3.1%,3.4%,2.0%,4.9%,6.6%,6.2%,6.5%,6.3%,4.6%,2.0%,0.6%,51.1%,2.8%,3.0%,3.2%,1.9%,4.6%,6.7%,6.4%,6.7%,6.8%,5.3%,2.6%,1.1%,,11.0%,25.2%,30.8%,20.9%,8.8%,1.9%,1.4%,,12.5%,26.9%,29.0%,20.1%,7.6%,2.2%,1.6%,,9.5%,23.7%,32.4%,21.7%,9.8%,1.6%,1.2%,,4.7%,95.3%,,3.3%,96.7%,,67.8%,2.3%,65.5%,62.1%,3.5%,32.2%,,57.8%,0.2%,57.6%,54.5%,3.1%,42.2%,,72.2%,11.2%,11.5%,5.0%,0.2%,,65.8%,16.9%,7.5%,9.7%,0.2%,,94.7%,5.3%,,94.6%,5.4%,,13.7%,6.0%,7.7%,86.3%,42.6%,43.7%,,,,,,,,,,,,,,,,,,
North Dakota,773344,397093,27612,26774,26311,13946,44800,61657,50465,41873,48776,33924,14654,6301,376251,25805,25531,24432,14047,40189,52846,44343,39041,46698,33768,18900,10651,503897,33831,131400,182014,112023,32085,7056,5488,257650,18730,72737,93493,52656,13040,4128,2866,246247,15101,58663,88521,59367,19045,2928,2622,21979,1154,20825,19700,692,19008,312126,231917,6033,225884,217874,8010,80209,295845,192265,1385,190880,185738,5142,103580,217874,142656,29572,30740,14203,703,185738,105224,36387,14182,29395,550,225884,217874,8010,190880,185738,5142,749693,80390,36942,43448,669303,346896,322407,"$45,984","$31,102","$38,526","$43,568","$54,241","$67,412","$53,973","$39,204","$44,494","$53,623","$63,708","$73,108","$38,630","$20,806","$28,354","$34,656","$47,930","$64,373"
ND_pct,,51.4%,3.6%,3.5%,3.4%,1.8%,5.8%,8.0%,6.5%,5.4%,6.3%,4.4%,1.9%,0.8%,48.7%,3.3%,3.3%,3.2%,1.8%,5.2%,6.8%,5.7%,5.1%,6.0%,4.4%,2.4%,1.4%,,6.7%,26.1%,36.1%,22.2%,6.4%,1.4%,1.1%,,7.3%,28.2%,36.3%,20.4%,5.1%,1.6%,1.1%,,6.1%,23.8%,36.0%,24.1%,7.7%,1.2%,1.1%,,5.3%,94.8%,,3.5%,96.5%,,74.3%,1.9%,72.4%,69.8%,2.6%,25.7%,,65.0%,0.5%,64.5%,62.8%,1.7%,35.0%,,65.5%,13.6%,14.1%,6.5%,0.3%,,56.7%,19.6%,7.6%,15.8%,0.3%,,96.5%,3.6%,,97.3%,2.7%,,10.7%,4.9%,5.8%,89.3%,46.3%,43.0%,,,,,,,,,,,,,,,,,,
Ohio,11769923,5800004,351995,366508,390216,237370,539866,776454,715930,737774,792324,564936,240950,85681,5969919,337131,346303,374155,226311,522615,766804,714127,741114,828124,632006,322440,158789,8077453,715751,2636855,2326518,1483021,674554,145311,95443,3914049,369382,1339204,1072851,709485,283772,84527,54828,4163404,346369,1297651,1253667,773536,390782,60784,40615,319068,15253,303815,304355,11957,292398,4612633,3119051,8258,3110793,2939506,171287,1493582,4836849,2862594,2518,2860076,2716957,143119,1974255,2939506,2164191,311033,283768,175303,5211,2716957,1788748,389797,159674,374380,4358,3110793,2939506,171287,2860076,2716957,143119,11451346,1528963,681016,847947,9922383,4941970,4980413,"$42,811","$26,234","$33,778","$39,112","$57,676","$74,231","$50,978","$31,782","$41,018","$47,911","$70,753","$88,006","$35,696","$19,327","$26,497","$32,582","$48,200","$65,594"
OH_pct,,49.3%,3.0%,3.1%,3.3%,2.0%,4.6%,6.6%,6.1%,6.3%,6.7%,4.8%,2.1%,0.7%,50.7%,2.9%,2.9%,3.2%,1.9%,4.4%,6.5%,6.1%,6.3%,7.0%,5.4%,2.7%,1.4%,,8.9%,32.6%,28.8%,18.4%,8.4%,1.8%,1.2%,,9.4%,34.2%,27.4%,18.1%,7.3%,2.2%,1.4%,,8.3%,31.2%,30.1%,18.6%,9.4%,1.5%,1.0%,,4.8%,95.2%,,3.9%,96.1%,,67.6%,0.2%,67.4%,63.7%,3.7%,32.4%,,59.2%,0.1%,59.1%,56.2%,3.0%,40.8%,,73.6%,10.6%,9.7%,6.0%,0.2%,,65.8%,14.4%,5.9%,13.8%,0.2%,,94.5%,5.5%,,95.0%,5.0%,,13.4%,6.0%,7.4%,86.7%,43.2%,43.5%,,,,,,,,,,,,,,,,,,
Oklahoma,3948136,1964927,129519,136180,142822,82948,196910,271531,254745,231695,241267,173216,80827,23267,1983209,123410,130675,136325,79191,182415,264085,248358,228277,251951,193816,101377,43329,2607741,293373,803726,810500,457256,173720,40742,28424,1276548,155556,413134,378264,213598,74948,24284,16764,1331193,137817,390592,432236,243658,98772,16458,11660,110568,6455,104113,104416,4311,100105,1527632,1018679,17439,1001240,949385,51855,508953,1566594,883918,3560,880358,837357,43001,682676,949385,652414,137291,115123,42193,2364,837357,518726,168217,68768,79432,2214,1001240,949385,51855,880358,837357,43001,3837807,583853,263211,320642,3253954,1632834,1621120,"$39,636","$26,575","$32,402","$37,595","$50,486","$63,858","$47,216","$31,684","$40,018","$46,952","$63,385","$80,353","$32,444","$19,343","$25,217","$30,488","$42,545","$54,090"
OK_pct,,49.8%,3.3%,3.5%,3.6%,2.1%,5.0%,6.9%,6.5%,5.9%,6.1%,4.4%,2.1%,0.6%,50.2%,3.1%,3.3%,3.5%,2.0%,4.6%,6.7%,6.3%,5.8%,6.4%,4.9%,2.6%,1.1%,,11.3%,30.8%,31.1%,17.5%,6.7%,1.6%,1.1%,,12.2%,32.4%,29.6%,16.7%,5.9%,1.9%,1.3%,,10.4%,29.3%,32.5%,18.3%,7.4%,1.2%,0.9%,,5.8%,94.2%,,4.1%,95.9%,,66.7%,1.1%,65.5%,62.2%,3.4%,33.3%,,56.4%,0.2%,56.2%,53.5%,2.7%,43.6%,,68.7%,14.5%,12.1%,4.4%,0.3%,,62.0%,20.1%,8.2%,9.5%,0.3%,,94.8%,5.2%,,95.1%,4.9%,,15.2%,6.9%,8.4%,84.8%,42.6%,42.2%,,,,,,,,,,,,,,,,,,
Oregon,4207177,2096429,114886,124130,131624,77796,184620,300714,292494,262643,264235,220081,90549,32657,2110748,108729,117183,125449,73689,177675,292074,283177,254881,278053,241273,108052,50513,2971396,252602,668083,1009617,644813,275519,68616,52146,1463373,138167,342678,483933,310029,120100,38361,30105,1508023,114435,325405,525684,334784,155419,30255,22041,103448,5422,98026,97381,3475,93906,1699756,1136875,3485,1133390,1068250,65140,562881,1734506,1013939,636,1013303,957857,55446,720567,1068250,751091,118335,130498,66260,2066,957857,561142,164052,100033,130528,2102,1133390,1068250,65140,1013303,957857,55446,4128333,498517,230977,267540,3629816,1818876,1810940,"$43,305","$28,938","$33,545","$39,630","$56,297","$75,223","$50,642","$33,587","$39,420","$46,437","$68,379","$90,965","$36,971","$22,159","$27,292","$33,028","$46,689","$64,559"
OR_pct,,49.8%,2.7%,3.0%,3.1%,1.9%,4.4%,7.2%,7.0%,6.2%,6.3%,5.2%,2.2%,0.8%,50.2%,2.6%,2.8%,3.0%,1.8%,4.2%,6.9%,6.7%,6.1%,6.6%,5.7%,2.6%,1.2%,,8.5%,22.5%,34.0%,21.7%,9.3%,2.3%,1.8%,,9.4%,23.4%,33.1%,21.2%,8.2%,2.6%,2.1%,,7.6%,21.6%,34.9%,22.2%,10.3%,2.0%,1.5%,,5.2%,94.8%,,3.6%,96.4%,,66.9%,0.2%,66.7%,62.9%,3.8%,33.1%,,58.5%,0.0%,58.4%,55.2%,3.2%,41.5%,,70.3%,11.1%,12.2%,6.2%,0.2%,,58.6%,17.1%,10.4%,13.6%,0.2%,,94.3%,5.8%,,94.5%,5.5%,,12.1%,5.6%,6.5%,87.9%,44.1%,43.9%,,,,,,,,,,,,,,,,,,
Pennsylvania,12970650,6394217,358907,372560,407426,247022,584520,864033,784542,824294,903026,651629,285611,110647,6576433,341885,360844,381917,233921,570151,837065,774036,825896,936815,723262,380943,209698,9111497,787376,3079339,2227532,1813647,859980,196159,147464,4423782,406277,1537412,1044879,882002,358275,112333,82604,4687715,381099,1541927,1182653,931645,501705,83826,64860,341461,17093,324368,329825,12521,317304,5172417,3484864,7293,3477571,3278110,199461,1687553,5414620,3186445,1126,3185319,3017484,167835,2228175,3278110,2357352,323548,336855,255317,5038,3017484,1962319,363985,170043,516202,4935,3477571,3278110,199461,3185319,3017484,167835,12568252,1482811,656546,826265,11085441,5513892,5571549,"$45,033","$27,928","$34,605","$40,863","$58,740","$77,535","$53,366","$33,742","$42,588","$49,938","$71,106","$94,116","$37,817","$20,231","$27,172","$33,778","$49,912","$67,558"
PA_pct,,49.3%,2.8%,2.9%,3.1%,1.9%,4.5%,6.7%,6.1%,6.4%,7.0%,5.0%,2.2%,0.9%,50.7%,2.6%,2.8%,2.9%,1.8%,4.4%,6.5%,6.0%,6.4%,7.2%,5.6%,2.9%,1.6%,,8.6%,33.8%,24.5%,19.9%,9.4%,2.2%,1.6%,,9.2%,34.8%,23.6%,19.9%,8.1%,2.5%,1.9%,,8.1%,32.9%,25.2%,19.9%,10.7%,1.8%,1.4%,,5.0%,95.0%,,3.8%,96.2%,,67.4%,0.1%,67.2%,63.4%,3.9%,32.6%,,58.9%,0.0%,58.8%,55.7%,3.1%,41.2%,,71.9%,9.9%,10.3%,7.8%,0.2%,,65.0%,12.1%,5.6%,17.1%,0.2%,,94.3%,5.7%,,94.7%,5.3%,,11.8%,5.2%,6.6%,88.2%,43.9%,44.3%,,,,,,,,,,,,,,,,,,
Rhode Island,1091949,534283,28236,28728,32137,19833,55615,77010,65678,69183,74894,52110,22662,8197,557666,27134,28605,29268,18722,57056,74208,65182,71828,80046,58004,31057,16556,766615,83508,213716,198622,160523,77992,18212,14042,369734,41991,108907,91066,76428,33388,10442,7512,396881,41517,104809,107556,84095,44604,7770,6530,30969,740,30229,32293,599,31694,439141,305653,3551,302102,282813,19289,133488,467163,286813,780,286033,269894,16139,180350,282813,196317,34195,29236,22542,523,269894,172416,38091,16110,42857,420,302102,282813,19289,286033,269894,16139,1050314,118257,51888,66369,932057,463026,469031,"$48,361","$30,340","$38,638","$43,257","$60,216","$80,502","$55,456","$35,267","$44,775","$53,345","$70,236","$91,136","$41,715","$25,620","$31,506","$37,979","$52,337","$73,679"
RI_pct,,48.9%,2.6%,2.6%,2.9%,1.8%,5.1%,7.1%,6.0%,6.3%,6.9%,4.8%,2.1%,0.8%,51.1%,2.5%,2.6%,2.7%,1.7%,5.2%,6.8%,6.0%,6.6%,7.3%,5.3%,2.8%,1.5%,,10.9%,27.9%,25.9%,20.9%,10.2%,2.4%,1.8%,,11.4%,29.5%,24.6%,20.7%,9.0%,2.8%,2.0%,,10.5%,26.4%,27.1%,21.2%,11.2%,2.0%,1.7%,,2.4%,97.6%,,1.9%,98.2%,,69.6%,0.8%,68.8%,64.4%,4.4%,30.4%,,61.4%,0.2%,61.2%,57.8%,3.5%,38.6%,,69.4%,12.1%,10.3%,8.0%,0.2%,,63.9%,14.1%,6.0%,15.9%,0.2%,,93.6%,6.4%,,94.4%,5.6%,,11.3%,4.9%,6.3%,88.7%,44.1%,44.7%,,,,,,,,,,,,,,,,,,
South Carolina,5078903,2474059,146308,155195,167163,97971,238194,324208,305203,310404,324491,260748,113123,31051,2604844,139164,151791,158207,94004,223735,336392,318240,327681,359055,300550,141027,54998,3507171,393448,1008011,1059288,653988,288540,60868,43028,1669228,209489,502804,473326,311093,113004,34729,24783,1837943,183959,505207,585962,342895,175536,26139,18245,138571,7028,131543,128634,4096,124538,1973016,1286784,28863,1257921,1191762,66159,686232,2124349,1192906,6825,1186081,1121616,64465,931443,1191762,861648,137792,137689,51634,2999,1121616,733248,208691,79367,98180,2130,1257921,1191762,66159,1186081,1121616,64465,4946116,718345,314382,403963,4227771,2078344,2149427,"$39,788","$24,433","$31,528","$37,091","$53,106","$64,361","$46,646","$28,219","$37,342","$45,877","$65,842","$83,882","$33,399","$18,675","$25,509","$30,714","$42,843","$55,881"
SC_pct,,48.7%,2.9%,3.1%,3.3%,1.9%,4.7%,6.4%,6.0%,6.1%,6.4%,5.1%,2.2%,0.6%,51.3%,2.7%,3.0%,3.1%,1.9%,4.4%,6.6%,6.3%,6.5%,7.1%,5.9%,2.8%,1.1%,,11.2%,28.7%,30.2%,18.7%,8.2%,1.7%,1.2%,,12.6%,30.1%,28.4%,18.6%,6.8%,2.1%,1.5%,,10.0%,27.5%,31.9%,18.7%,9.6%,1.4%,1.0%,,5.1%,94.9%,,3.2%,96.8%,,65.2%,1.5%,63.8%,60.4%,3.4%,34.8%,,56.2%,0.3%,55.8%,52.8%,3.0%,43.9%,,72.3%,11.6%,11.6%,4.3%,0.3%,,65.4%,18.6%,7.1%,8.8%,0.2%,,94.7%,5.3%,,94.6%,5.4%,,14.5%,6.4%,8.2%,85.5%,42.0%,43.5%,,,,,,,,,,,,,,,,,,
South Dakota,881785,446461,30241,31312,31887,18202,42713,59518,55526,49291,58835,44416,18047,6473,435324,29297,30911,29840,17008,40139,53958,51507,46771,58045,44040,21582,12226,580235,43328,174791,188079,119331,38009,10182,6515,292106,23894,94934,90521,56393,16355,6302,3707,288129,19434,79857,97558,62938,21654,3880,2808,24823,1301,23522,23448,1041,22407,346661,248757,2696,246061,236986,9075,97904,339964,217423,286,217137,211371,5766,122541,236986,152341,31039,37500,15405,701,211371,122352,37260,16962,34151,646,246061,236986,9075,217137,211371,5766,853175,106291,48591,57700,746884,382228,364656,"$41,077","$28,912","$33,846","$38,812","$50,578","$62,807","$47,561","$33,269","$40,532","$47,410","$59,437","$73,077","$34,242","$21,100","$26,360","$32,087","$44,056","$56,027"
SD_pct,,50.6%,3.4%,3.6%,3.6%,2.1%,4.8%,6.8%,6.3%,5.6%,6.7%,5.0%,2.1%,0.7%,49.4%,3.3%,3.5%,3.4%,1.9%,4.6%,6.1%,5.8%,5.3%,6.6%,5.0%,2.5%,1.4%,,7.5%,30.1%,32.4%,20.6%,6.6%,1.8%,1.1%,,8.2%,32.5%,31.0%,19.3%,5.6%,2.2%,1.3%,,6.7%,27.7%,33.9%,21.8%,7.5%,1.4%,1.0%,,5.2%,94.8%,,4.4%,95.6%,,71.8%,0.8%,71.0%,68.4%,2.6%,28.2%,,64.0%,0.1%,63.9%,62.2%,1.7%,36.1%,,64.3%,13.1%,15.8%,6.5%,0.3%,,57.9%,17.6%,8.0%,16.2%,0.3%,,96.3%,3.7%,,97.3%,2.7%,,12.5%,5.7%,6.8%,87.5%,44.8%,42.7%,,,,,,,,,,,,,,,,,,
Tennessee,6859497,3362099,207621,213730,227633,135614,311993,464442,427727,438241,435497,320313,141284,38004,3497398,198246,201896,219898,129605,304781,472712,435260,447380,469031,362893,183042,72654,4708480,529162,1485813,1326294,859255,356100,87302,64554,2265508,279731,749397,601793,405266,145270,48189,35862,2442972,249431,736416,724501,453989,210830,39113,28692,181605,7043,174562,170995,5114,165881,2670093,1778447,15829,1762618,1671825,90793,891646,2834690,1620834,2744,1618090,1529315,88775,1213856,1671825,1199883,183992,195635,88888,3427,1529315,1022399,243503,106074,154421,2918,1762618,1671825,90793,1618090,1529315,88775,6692912,955929,420717,535212,5736983,2845607,2891376,"$40,083","$26,007","$31,891","$37,447","$52,564","$66,640","$46,138","$30,109","$37,317","$45,801","$64,866","$85,882","$34,163","$19,870","$26,144","$31,502","$44,068","$57,306"
TN_pct,,49.0%,3.0%,3.1%,3.3%,2.0%,4.6%,6.8%,6.2%,6.4%,6.4%,4.7%,2.1%,0.6%,51.0%,2.9%,2.9%,3.2%,1.9%,4.4%,6.9%,6.4%,6.5%,6.8%,5.3%,2.7%,1.1%,,11.2%,31.6%,28.2%,18.3%,7.6%,1.9%,1.4%,,12.4%,33.1%,26.6%,17.9%,6.4%,2.1%,1.6%,,10.2%,30.1%,29.7%,18.6%,8.6%,1.6%,1.2%,,3.9%,96.1%,,3.0%,97.0%,,66.6%,0.6%,66.0%,62.6%,3.4%,33.4%,,57.2%,0.1%,57.1%,54.0%,3.1%,42.8%,,71.8%,11.0%,11.7%,5.3%,0.2%,,66.9%,15.9%,6.9%,10.1%,0.2%,,94.9%,5.2%,,94.5%,5.5%,,14.3%,6.3%,8.0%,85.7%,42.5%,43.2%,,,,,,,,,,,,,,,,,,
Texas,28862581,14398171,1000733,1043347,1111175,647804,1436876,2120302,2011317,1790202,1603097,1051370,441658,140290,14464410,958490,998344,1065663,620620,1360060,2059727,1967990,1785594,1660442,1181847,561956,243677,18619469,2826181,4563619,5358474,3791665,1522588,327556,229386,9158236,1457318,2316330,2561921,1803421,698444,187395,133407,9461233,1368863,2247289,2796553,1988244,824144,140161,95979,852664,42688,809976,807168,29468,777700,11027126,7910479,85373,7825106,7414563,410543,3116647,11234055,6582337,17227,6565110,6204067,361043,4651718,7414563,5460702,781672,878880,279263,14046,6204067,4118341,1068937,503079,499320,14390,7825106,7414563,410543,6565110,6204067,361043,28260264,3965117,1774327,2190790,24295147,12224768,12070379,"$43,328","$26,451","$32,983","$40,650","$60,543","$76,818","$51,245","$31,815","$39,794","$50,290","$74,471","$98,343","$35,845","$18,281","$25,987","$33,498","$52,865","$64,383"
TX_pct,,49.9%,3.5%,3.6%,3.9%,2.2%,5.0%,7.4%,7.0%,6.2%,5.6%,3.6%,1.5%,0.5%,50.1%,3.3%,3.5%,3.7%,2.2%,4.7%,7.1%,6.8%,6.2%,5.8%,4.1%,2.0%,0.8%,,15.2%,24.5%,28.8%,20.4%,8.2%,1.8%,1.2%,,15.9%,25.3%,28.0%,19.7%,7.6%,2.1%,1.5%,,14.5%,23.8%,29.6%,21.0%,8.7%,1.5%,1.0%,,5.0%,95.0%,,3.7%,96.4%,,71.7%,0.8%,71.0%,67.2%,3.7%,28.3%,,58.6%,0.2%,58.4%,55.2%,3.2%,41.4%,,73.7%,10.5%,11.9%,3.8%,0.2%,,66.4%,17.2%,8.1%,8.1%,0.2%,,94.8%,5.3%,,94.5%,5.5%,,14.0%,6.3%,7.8%,86.0%,43.3%,42.7%,,,,,,,,,,,,,,,,,,
Utah,3231370,1633843,125819,136703,140717,82895,185192,239874,229722,172254,152357,106686,46514,15110,1597527,119820,129864,131992,78253,178255,230615,219284,164933,154653,113878,54996,20984,1921860,132503,435611,672887,450953,166433,35638,27835,962517,70839,213082,318531,223245,93248,24164,19408,959343,61664,222529,354356,227708,73185,11474,8427,103789,5083,98706,101304,2992,98312,1201946,919070,4616,914454,882848,31606,282876,1189781,734748,889,733859,707295,26564,455033,882848,635764,108476,91679,45749,1180,707295,457682,125695,57311,64862,1745,914454,882848,31606,733859,707295,26564,3182692,278486,127928,150558,2904206,1477272,1426934,"$44,483","$31,162","$36,022","$40,492","$54,508","$80,447","$56,560","$36,935","$44,446","$52,146","$72,121","$97,181","$32,981","$22,044","$27,749","$30,240","$39,722","$60,900"
UT_pct,,50.6%,3.9%,4.2%,4.4%,2.6%,5.7%,7.4%,7.1%,5.3%,4.7%,3.3%,1.4%,0.5%,49.4%,3.7%,4.0%,4.1%,2.4%,5.5%,7.1%,6.8%,5.1%,4.8%,3.5%,1.7%,0.7%,,6.9%,22.7%,35.0%,23.5%,8.7%,1.9%,1.5%,,7.4%,22.1%,33.1%,23.2%,9.7%,2.5%,2.0%,,6.4%,23.2%,36.9%,23.7%,7.6%,1.2%,0.9%,,4.9%,95.1%,,3.0%,97.1%,,76.5%,0.4%,76.1%,73.5%,2.6%,23.5%,,61.8%,0.1%,61.7%,59.5%,2.2%,38.3%,,72.0%,12.3%,10.4%,5.2%,0.1%,,64.7%,17.8%,8.1%,9.2%,0.3%,,96.5%,3.5%,,96.4%,3.6%,,8.8%,4.0%,4.7%,91.3%,46.4%,44.8%,,,,,,,,,,,,,,,,,,
Vermont,641637,318533,15119,17222,18161,11305,35186,38087,36770,40240,48289,37692,15604,4858,323104,14049,15342,16997,10694,33099,37288,37734,40981,49943,39667,18545,8765,454463,27915,127128,113730,110000,54302,11805,9583,221540,17049,69255,52929,50591,20255,6286,5175,232923,10866,57873,60801,59409,34047,5519,4408,18586,692,17894,17728,597,17131,264125,178122,826,177296,169085,8211,86003,273350,171697,86,171611,166154,5457,101653,169085,104762,19422,26627,17937,337,166154,82581,30050,17205,35977,341,177296,169085,8211,171611,166154,5457,617101,64962,29099,35863,552139,277000,275139,"$43,613","$29,797","$35,808","$39,716","$48,739","$66,016","$48,087","$32,780","$40,102","$46,772","$56,504","$78,916","$39,770","$19,193","$29,470","$34,151","$43,113","$61,443"
VT_pct,,49.6%,2.4%,2.7%,2.8%,1.8%,5.5%,5.9%,5.7%,6.3%,7.5%,5.9%,2.4%,0.8%,50.4%,2.2%,2.4%,2.7%,1.7%,5.2%,5.8%,5.9%,6.4%,7.8%,6.2%,2.9%,1.4%,,6.1%,28.0%,25.0%,24.2%,12.0%,2.6%,2.1%,,7.7%,31.3%,23.9%,22.8%,9.1%,2.8%,2.3%,,4.7%,24.9%,26.1%,25.5%,14.6%,2.4%,1.9%,,3.7%,96.3%,,3.4%,96.6%,,67.4%,0.3%,67.1%,64.0%,3.1%,32.6%,,62.8%,0.0%,62.8%,60.8%,2.0%,37.2%,,62.0%,11.5%,15.8%,10.6%,0.2%,,49.7%,18.1%,10.4%,21.7%,0.2%,,95.4%,4.6%,,96.8%,3.2%,,10.5%,4.7%,5.8%,89.5%,44.9%,44.6%,,,,,,,,,,,,,,,,,,
Virginia,8582479,4245281,256734,266854,280270,166637,415948,593484,568853,555240,546869,376160,165350,52882,4337198,244760,252006,266690,158801,391258,581961,567392,564357,575765,427110,215887,91211,5882521,539599,1402487,1568038,1338831,762490,155464,115612,2858838,281962,719050,720827,627514,356300,87219,65966,3023683,257637,683437,847211,711317,406190,68245,49646,231600,6300,225300,218806,4592,214214,3385811,2400124,106500,2293624,2188229,105395,985687,3517796,2152511,23547,2128964,2031552,97412,1365285,2188229,1445597,402815,210393,125678,3746,2031552,1207776,449779,143219,227034,3744,2293624,2188229,105395,2128964,2031552,97412,8337068,828664,363107,465557,7508404,3728520,3779884,"$50,583","$27,282","$34,663","$42,270","$64,851","$90,644","$58,818","$32,853","$41,415","$51,999","$80,664","$113,111","$41,941","$20,382","$27,076","$34,704","$53,145","$72,250"
VA_pct,,49.5%,3.0%,3.1%,3.3%,1.9%,4.9%,6.9%,6.6%,6.5%,6.4%,4.4%,1.9%,0.6%,50.5%,2.9%,2.9%,3.1%,1.9%,4.6%,6.8%,6.6%,6.6%,6.7%,5.0%,2.5%,1.1%,,9.2%,23.8%,26.7%,22.8%,13.0%,2.6%,2.0%,,9.9%,25.2%,25.2%,22.0%,12.5%,3.1%,2.3%,,8.5%,22.6%,28.0%,23.5%,13.4%,2.3%,1.6%,,2.7%,97.3%,,2.1%,97.9%,,70.9%,3.2%,67.7%,64.6%,3.1%,29.1%,,61.2%,0.7%,60.5%,57.8%,2.8%,38.8%,,66.1%,18.4%,9.6%,5.7%,0.2%,,59.5%,22.1%,7.1%,11.2%,0.2%,,95.4%,4.6%,,95.4%,4.6%,,9.9%,4.4%,5.6%,90.1%,44.7%,45.3%,,,,,,,,,,,,,,,,,,
Washington,7617364,3831964,230732,242605,245314,142233,341829,596836,534910,476959,478018,350206,143665,48657,3785400,218811,230501,233793,136471,316423,555320,509190,462317,487330,382040,171014,82190,5278652,426501,1150293,1733850,1217575,544325,120128,85980,2629251,227216,601758,832267,598429,254000,65702,49879,2649401,199285,548535,901583,619146,290325,54426,36101,186156,8968,177188,177995,6036,171959,3065084,2148794,50225,2098569,1990888,107681,916290,3055831,1809778,8432,1801346,1710768,90578,1246053,1990888,1412809,261734,207870,104985,3490,1710768,1032349,316379,152559,206174,3307,2098569,1990888,107681,1801346,1710768,90578,7478757,746904,339334,407570,6731853,3409237,3322616,"$51,626","$31,023","$39,206","$44,400","$67,444","$89,702","$61,100","$36,040","$46,108","$54,447","$84,214","$109,852","$41,783","$22,611","$31,006","$36,561","$53,937","$75,183"
WA_pct,,50.3%,3.0%,3.2%,3.2%,1.9%,4.5%,7.8%,7.0%,6.3%,6.3%,4.6%,1.9%,0.6%,49.7%,2.9%,3.0%,3.1%,1.8%,4.2%,7.3%,6.7%,6.1%,6.4%,5.0%,2.3%,1.1%,,8.1%,21.8%,32.9%,23.1%,10.3%,2.3%,1.6%,,8.6%,22.9%,31.7%,22.8%,9.7%,2.5%,1.9%,,7.5%,20.7%,34.0%,23.4%,11.0%,2.1%,1.4%,,4.8%,95.2%,,3.4%,96.6%,,70.1%,1.6%,68.5%,65.0%,3.5%,29.9%,,59.2%,0.3%,59.0%,56.0%,3.0%,40.8%,,71.0%,13.2%,10.4%,5.3%,0.2%,,60.3%,18.5%,8.9%,12.1%,0.2%,,94.9%,5.1%,,95.0%,5.0%,,10.0%,4.5%,5.5%,90.0%,45.6%,44.4%,,,,,,,,,,,,,,,,,,
West Virginia,1801049,896723,48062,51311,56100,33282,81598,107520,110481,117303,126256,104964,46984,12862,904326,45161,49064,51980,31535,75042,103404,107524,115369,131182,112762,55554,25749,1277914,152581,512232,334820,165975,81546,17591,13169,626370,81785,266651,151202,77665,30887,10461,7719,651544,70796,245581,183618,88310,50659,7130,5450,46803,1719,45084,43063,1468,41595,730546,419244,1808,417436,388291,29145,311302,748168,369189,260,368929,347797,21132,378979,388291,274416,63395,29022,20992,466,347797,211094,78365,19490,38268,580,417436,388291,29145,368929,347797,21132,1751049,295632,131550,164082,1455417,736004,719413,"$37,723","$23,107","$32,188","$34,506","$48,052","$61,846","$44,741","$27,540","$41,180","$44,402","$57,008","$73,790","$30,594","$16,615","$23,896","$28,199","$41,795","$56,236"
WV_pct,,49.8%,2.7%,2.9%,3.1%,1.9%,4.5%,6.0%,6.1%,6.5%,7.0%,5.8%,2.6%,0.7%,50.2%,2.5%,2.7%,2.9%,1.8%,4.2%,5.7%,6.0%,6.4%,7.3%,6.3%,3.1%,1.4%,,11.9%,40.1%,26.2%,13.0%,6.4%,1.4%,1.0%,,13.1%,42.6%,24.1%,12.4%,4.9%,1.7%,1.2%,,10.9%,37.7%,28.2%,13.6%,7.8%,1.1%,0.8%,,3.7%,96.3%,,3.4%,96.6%,,57.4%,0.3%,57.1%,53.2%,4.0%,42.6%,,49.4%,0.0%,49.3%,46.5%,2.8%,50.7%,,70.7%,16.3%,7.5%,5.4%,0.1%,,60.7%,22.5%,5.6%,11.0%,0.2%,,93.0%,7.0%,,94.3%,5.7%,,16.9%,7.5%,9.4%,83.1%,42.0%,41.1%,,,,,,,,,,,,,,,,,,
Wisconsin,5871661,2937621,168590,180072,195924,117764,280384,375284,370951,371519,416624,292854,124187,43468,2934040,160734,173541,183963,112356,270648,359871,357763,361060,417535,306333,149977,80259,4027685,285275,1209751,1264360,833670,312037,70286,52306,1994887,158896,633598,612410,388282,130406,41644,29651,2032798,126379,576153,651950,445388,181631,28642,22655,159063,6117,152946,151764,4102,147662,2354124,1637876,3033,1634843,1572544,62299,716248,2377712,1489486,700,1488786,1442068,46718,888226,1572544,1171088,156246,161055,81130,3025,1442068,933059,216077,90569,199324,3039,1634843,1572544,62299,1488786,1442068,46718,5726939,610632,273748,336884,5116307,2581679,2534628,"$44,812","$30,428","$35,744","$42,060","$56,866","$70,620","$52,699","$35,482","$42,796","$51,827","$68,754","$84,304","$37,858","$22,210","$27,960","$34,297","$48,887","$63,441"
WI_pct,,50.0%,2.9%,3.1%,3.3%,2.0%,4.8%,6.4%,6.3%,6.3%,7.1%,5.0%,2.1%,0.7%,50.0%,2.7%,3.0%,3.1%,1.9%,4.6%,6.1%,6.1%,6.2%,7.1%,5.2%,2.6%,1.4%,,7.1%,30.0%,31.4%,20.7%,7.8%,1.8%,1.3%,,8.0%,31.8%,30.7%,19.5%,6.5%,2.1%,1.5%,,6.2%,28.3%,32.1%,21.9%,8.9%,1.4%,1.1%,,3.9%,96.2%,,2.7%,97.3%,,69.6%,0.1%,69.5%,66.8%,2.7%,30.4%,,62.6%,0.0%,62.6%,60.7%,2.0%,37.4%,,74.5%,9.9%,10.2%,5.2%,0.2%,,64.7%,15.0%,6.3%,13.8%,0.2%,,96.2%,3.8%,,96.9%,3.1%,,10.7%,4.8%,5.9%,89.3%,45.1%,44.3%,,,,,,,,,,,,,,,,,,
Wyoming,576641,295204,17712,19577,20150,11865,27621,39712,38660,33686,39252,30787,12406,3776,281437,16550,18237,19632,10744,24391,36024,36189,31532,38567,29710,13834,6027,390162,24433,110950,143496,69809,30947,5993,4534,198279,13303,62273,68970,32765,14351,3753,2864,191883,11130,48677,74526,37044,16596,2240,1670,16411,716,15695,13583,424,13159,234244,166274,2874,163400,155502,7898,67970,222884,134559,561,133998,129432,4566,88325,155502,102302,27125,19014,6551,510,129432,68730,32870,13435,13850,547,163400,155502,7898,133998,129432,4566,563382,60482,27427,33055,502900,259944,242956,"$43,320","$30,953","$37,233","$39,491","$52,250","$66,039","$54,535","$41,246","$49,048","$54,098","$62,332","$73,007","$32,998","$17,966","$25,741","$30,991","$44,059","$61,569"
WY_pct,,51.2%,3.1%,3.4%,3.5%,2.1%,4.8%,6.9%,6.7%,5.8%,6.8%,5.3%,2.2%,0.7%,48.8%,2.9%,3.2%,3.4%,1.9%,4.2%,6.3%,6.3%,5.5%,6.7%,5.2%,2.4%,1.1%,,6.3%,28.4%,36.8%,17.9%,7.9%,1.5%,1.2%,,6.7%,31.4%,34.8%,16.5%,7.2%,1.9%,1.4%,,5.8%,25.4%,38.8%,19.3%,8.7%,1.2%,0.9%,,4.4%,95.6%,,3.1%,96.9%,,71.0%,1.2%,69.8%,66.4%,3.4%,29.0%,,60.4%,0.3%,60.1%,58.1%,2.1%,39.6%,,65.8%,17.4%,12.2%,4.2%,0.3%,,53.1%,25.4%,10.4%,10.7%,0.4%,,95.2%,4.8%,,96.6%,3.4%,,10.7%,4.9%,5.9%,89.3%,46.1%,43.1%,,,,,,,,,,,,,,,,,,
